"188952;""20300"";""MBG0095"";""GM0363    "";""2020JJ00"";""Amsterdam                               "";""Gemeente"";""GM0363    "";""24.9"""
"188953;""20300"";""MBG0095"";""GM0363    "";""2022JJ00"";""Amsterdam                               "";""Gemeente"";""GM0363    "";""32.5"""
"188954;""20300"";""MBG0095"";""GM0363    "";""2024JJ00"";""Amsterdam                               "";""Gemeente"";""GM0363    "";""24.3"""
"188957;""20300"";""MBG0095"";""WK0363AA  "";""2020JJ00"";""Amsterdam                               "";""Wijk    "";""WK0363AA  "";""23.8"""
"188958;""20300"";""MBG0095"";""WK0363AA  "";""2022JJ00"";""Amsterdam                               "";""Wijk    "";""WK0363AA  "";""29.3"""
"188959;""20300"";""MBG0095"";""WK0363AA  "";""2024JJ00"";""Amsterdam                               "";""Wijk    "";""WK0363AA  "";""24.4"""
"188962;""20300"";""MBG0095"";""BU0363AA01"";""2020JJ00"";""Amsterdam                               "";""Buurt   "";""BU0363AA01"";""30.2"""
"188963;""20300"";""MBG0095"";""BU0363AA01"";""2022JJ00"";""Amsterdam                               "";""Buurt   "";""BU0363AA01"";""39.4"""
"188964;""20300"";""MBG0095"";""BU0363AA01"";""2024JJ00"";""Amsterdam                               "";""Buurt   "";""BU0363AA01"";""33.2"""
"188967;""20300"";""MBG0095"";""BU0363AA02"";""2020JJ00"";""Amsterdam                               "";""Buurt   "";""BU0363AA02"";""23.2"""
"188968;""20300"";""MBG0095"";""BU0363AA02"";""2022JJ00"";""Amsterdam                               "";""Buurt   "";""BU0363AA02"";""28"""
"188969;""20300"";""MBG0095"";""BU0363AA02"";""2024JJ00"";""Amsterdam                               "";""Buurt   "";""BU0363AA02"";""23.7"""
"188972;""20300"";""MBG0095"";""BU0363AA03"";""2020JJ00"";""Amsterdam                               "";""Buurt   "";""BU0363AA03"";""25"""
"188973;""20300"";""MBG0095"";""BU0363AA03"";""2022JJ00"";""Amsterdam                               "";""Buurt   "";""BU0363AA03"";""26.9"""
"188974;""20300"";""MBG0095"";""BU0363AA03"";""2024JJ00"";""Amsterdam                               "";""Buurt   "";""BU0363AA03"";""20.6"""
"188977;""20300"";""MBG0095"";""BU0363AA04"";""2020JJ00"";""Amsterdam                               "";""Buurt   "";""BU0363AA04"";""44.5"""
"188978;""20300"";""MBG0095"";""BU0363AA04"";""2022JJ00"";""Amsterdam                               "";""Buurt   "";""BU0363AA04"";""53.9"""
"188979;""20300"";""MBG0095"";""BU0363AA04"";""2024JJ00"";""Amsterdam                               "";""Buurt   "";""BU0363AA04"";""38.2"""
"188982;""20300"";""MBG0095"";""BU0363AA05"";""2020JJ00"";""Amsterdam                               "";""Buurt   "";""BU0363AA05"";""26.1"""
"188983;""20300"";""MBG0095"";""BU0363AA05"";""2022JJ00"";""Amsterdam                               "";""Buurt   "";""BU0363AA05"";""32.1"""
"188984;""20300"";""MBG0095"";""BU0363AA05"";""2024JJ00"";""Amsterdam                               "";""Buurt   "";""BU0363AA05"";""28.1"""
"188987;""20300"";""MBG0095"";""BU0363AA06"";""2020JJ00"";""Amsterdam                               "";""Buurt   "";""BU0363AA06"";""23.7"""
"188988;""20300"";""MBG0095"";""BU0363AA06"";""2022JJ00"";""Amsterdam                               "";""Buurt   "";""BU0363AA06"";""30.7"""
"188989;""20300"";""MBG0095"";""BU0363AA06"";""2024JJ00"";""Amsterdam                               "";""Buurt   "";""BU0363AA06"";""26.1"""
"188992;""20300"";""MBG0095"";""WK0363AB  "";""2020JJ00"";""Amsterdam                               "";""Wijk    "";""WK0363AB  "";""24.1"""
"188993;""20300"";""MBG0095"";""WK0363AB  "";""2022JJ00"";""Amsterdam                               "";""Wijk    "";""WK0363AB  "";""29.4"""
"188994;""20300"";""MBG0095"";""WK0363AB  "";""2024JJ00"";""Amsterdam                               "";""Wijk    "";""WK0363AB  "";""25.7"""
"188997;""20300"";""MBG0095"";""BU0363AB01"";""2020JJ00"";""Amsterdam                               "";""Buurt   "";""BU0363AB01"";""27.5"""
"188998;""20300"";""MBG0095"";""BU0363AB01"";""2022JJ00"";""Amsterdam                               "";""Buurt   "";""BU0363AB01"";""34.8"""
"188999;""20300"";""MBG0095"";""BU0363AB01"";""2024JJ00"";""Amsterdam                               "";""Buurt   "";""BU0363AB01"";""28"""
"189002;""20300"";""MBG0095"";""BU0363AB02"";""2020JJ00"";""Amsterdam                               "";""Buurt   "";""BU0363AB02"";""25.5"""
"189003;""20300"";""MBG0095"";""BU0363AB02"";""2022JJ00"";""Amsterdam                               "";""Buurt   "";""BU0363AB02"";""30.9"""
"189004;""20300"";""MBG0095"";""BU0363AB02"";""2024JJ00"";""Amsterdam                               "";""Buurt   "";""BU0363AB02"";""27.7"""
"189007;""20300"";""MBG0095"";""BU0363AB03"";""2020JJ00"";""Amsterdam                               "";""Buurt   "";""BU0363AB03"";""23.7"""
"189008;""20300"";""MBG0095"";""BU0363AB03"";""2022JJ00"";""Amsterdam                               "";""Buurt   "";""BU0363AB03"";""28.1"""
"189009;""20300"";""MBG0095"";""BU0363AB03"";""2024JJ00"";""Amsterdam                               "";""Buurt   "";""BU0363AB03"";""25"""
"189012;""20300"";""MBG0095"";""BU0363AB04"";""2020JJ00"";""Amsterdam                               "";""Buurt   "";""BU0363AB04"";""32.9"""
"189013;""20300"";""MBG0095"";""BU0363AB04"";""2022JJ00"";""Amsterdam                               "";""Buurt   "";""BU0363AB04"";""43.5"""
"189014;""20300"";""MBG0095"";""BU0363AB04"";""2024JJ00"";""Amsterdam                               "";""Buurt   "";""BU0363AB04"";""34.3"""
"189017;""20300"";""MBG0095"";""BU0363AB05"";""2020JJ00"";""Amsterdam                               "";""Buurt   "";""BU0363AB05"";""24.1"""
"189018;""20300"";""MBG0095"";""BU0363AB05"";""2022JJ00"";""Amsterdam                               "";""Buurt   "";""BU0363AB05"";""29.6"""
"189019;""20300"";""MBG0095"";""BU0363AB05"";""2024JJ00"";""Amsterdam                               "";""Buurt   "";""BU0363AB05"";""25.2"""
"189022;""20300"";""MBG0095"";""BU0363AB06"";""2020JJ00"";""Amsterdam                               "";""Buurt   "";""BU0363AB06"";""31.3"""
"189023;""20300"";""MBG0095"";""BU0363AB06"";""2022JJ00"";""Amsterdam                               "";""Buurt   "";""BU0363AB06"";""31.9"""
"189024;""20300"";""MBG0095"";""BU0363AB06"";""2024JJ00"";""Amsterdam                               "";""Buurt   "";""BU0363AB06"";""31.1"""
"189027;""20300"";""MBG0095"";""BU0363AB07"";""2020JJ00"";""Amsterdam                               "";""Buurt   "";""BU0363AB07"";""22.5"""
"189028;""20300"";""MBG0095"";""BU0363AB07"";""2022JJ00"";""Amsterdam                               "";""Buurt   "";""BU0363AB07"";""27.9"""
"189029;""20300"";""MBG0095"";""BU0363AB07"";""2024JJ00"";""Amsterdam                               "";""Buurt   "";""BU0363AB07"";""26.4"""
"189032;""20300"";""MBG0095"";""BU0363AB08"";""2020JJ00"";""Amsterdam                               "";""Buurt   "";""BU0363AB08"";""33.1"""
"189033;""20300"";""MBG0095"";""BU0363AB08"";""2022JJ00"";""Amsterdam                               "";""Buurt   "";""BU0363AB08"";""30.7"""
"189034;""20300"";""MBG0095"";""BU0363AB08"";""2024JJ00"";""Amsterdam                               "";""Buurt   "";""BU0363AB08"";""28.2"""
"189037;""20300"";""MBG0095"";""BU0363AB09"";""2020JJ00"";""Amsterdam                               "";""Buurt   "";""BU0363AB09"";""25.2"""
"189038;""20300"";""MBG0095"";""BU0363AB09"";""2022JJ00"";""Amsterdam                               "";""Buurt   "";""BU0363AB09"";""31.7"""
"189039;""20300"";""MBG0095"";""BU0363AB09"";""2024JJ00"";""Amsterdam                               "";""Buurt   "";""BU0363AB09"";""26.8"""
"189042;""20300"";""MBG0095"";""BU0363AB10"";""2020JJ00"";""Amsterdam                               "";""Buurt   "";""BU0363AB10"";""24.7"""
"189043;""20300"";""MBG0095"";""BU0363AB10"";""2022JJ00"";""Amsterdam                               "";""Buurt   "";""BU0363AB10"";""30.6"""
"189044;""20300"";""MBG0095"";""BU0363AB10"";""2024JJ00"";""Amsterdam                               "";""Buurt   "";""BU0363AB10"";""26.2"""
"189047;""20300"";""MBG0095"";""BU0363AB11"";""2020JJ00"";""Amsterdam                               "";""Buurt   "";""BU0363AB11"";""24.4"""
"189048;""20300"";""MBG0095"";""BU0363AB11"";""2022JJ00"";""Amsterdam                               "";""Buurt   "";""BU0363AB11"";""29"""
"189049;""20300"";""MBG0095"";""BU0363AB11"";""2024JJ00"";""Amsterdam                               "";""Buurt   "";""BU0363AB11"";""24.4"""
"189052;""20300"";""MBG0095"";""WK0363AC  "";""2020JJ00"";""Amsterdam                               "";""Wijk    "";""WK0363AC  "";""18.7"""
"189053;""20300"";""MBG0095"";""WK0363AC  "";""2022JJ00"";""Amsterdam                               "";""Wijk    "";""WK0363AC  "";""27"""
"189054;""20300"";""MBG0095"";""WK0363AC  "";""2024JJ00"";""Amsterdam                               "";""Wijk    "";""WK0363AC  "";""23.9"""
"189057;""20300"";""MBG0095"";""BU0363AC01"";""2020JJ00"";""Amsterdam                               "";""Buurt   "";""BU0363AC01"";""17.6"""
"189058;""20300"";""MBG0095"";""BU0363AC01"";""2022JJ00"";""Amsterdam                               "";""Buurt   "";""BU0363AC01"";""24.8"""
"189059;""20300"";""MBG0095"";""BU0363AC01"";""2024JJ00"";""Amsterdam                               "";""Buurt   "";""BU0363AC01"";""23.2"""
"189062;""20300"";""MBG0095"";""BU0363AC02"";""2020JJ00"";""Amsterdam                               "";""Buurt   "";""BU0363AC02"";""19.9"""
"189063;""20300"";""MBG0095"";""BU0363AC02"";""2022JJ00"";""Amsterdam                               "";""Buurt   "";""BU0363AC02"";""29.3"""
"189064;""20300"";""MBG0095"";""BU0363AC02"";""2024JJ00"";""Amsterdam                               "";""Buurt   "";""BU0363AC02"";""24.4"""
"189067;""20300"";""MBG0095"";""BU0363AC03"";""2020JJ00"";""Amsterdam                               "";""Buurt   "";""BU0363AC03"";""21.7"""
"189068;""20300"";""MBG0095"";""BU0363AC03"";""2022JJ00"";""Amsterdam                               "";""Buurt   "";""BU0363AC03"";""28.2"""
"189069;""20300"";""MBG0095"";""BU0363AC03"";""2024JJ00"";""Amsterdam                               "";""Buurt   "";""BU0363AC03"";""25.2"""
"189072;""20300"";""MBG0095"";""BU0363AC04"";""2020JJ00"";""Amsterdam                               "";""Buurt   "";""BU0363AC04"";""21.3"""
"189073;""20300"";""MBG0095"";""BU0363AC04"";""2022JJ00"";""Amsterdam                               "";""Buurt   "";""BU0363AC04"";""30.8"""
"189074;""20300"";""MBG0095"";""BU0363AC04"";""2024JJ00"";""Amsterdam                               "";""Buurt   "";""BU0363AC04"";""26.7"""
"189077;""20300"";""MBG0095"";""WK0363AD  "";""2020JJ00"";""Amsterdam                               "";""Wijk    "";""WK0363AD  "";""30.4"""
"189078;""20300"";""MBG0095"";""WK0363AD  "";""2022JJ00"";""Amsterdam                               "";""Wijk    "";""WK0363AD  "";""36.9"""
"189079;""20300"";""MBG0095"";""WK0363AD  "";""2024JJ00"";""Amsterdam                               "";""Wijk    "";""WK0363AD  "";""29.7"""
"189082;""20300"";""MBG0095"";""BU0363AD01"";""2020JJ00"";""Amsterdam                               "";""Buurt   "";""BU0363AD01"";"
"189083;""20300"";""MBG0095"";""BU0363AD01"";""2022JJ00"";""Amsterdam                               "";""Buurt   "";""BU0363AD01"";"
"189084;""20300"";""MBG0095"";""BU0363AD01"";""2024JJ00"";""Amsterdam                               "";""Buurt   "";""BU0363AD01"";"
"189087;""20300"";""MBG0095"";""BU0363AD02"";""2020JJ00"";""Amsterdam                               "";""Buurt   "";""BU0363AD02"";""32.9"""
"189088;""20300"";""MBG0095"";""BU0363AD02"";""2022JJ00"";""Amsterdam                               "";""Buurt   "";""BU0363AD02"";""38.6"""
"189089;""20300"";""MBG0095"";""BU0363AD02"";""2024JJ00"";""Amsterdam                               "";""Buurt   "";""BU0363AD02"";""30.9"""
"189092;""20300"";""MBG0095"";""BU0363AD03"";""2020JJ00"";""Amsterdam                               "";""Buurt   "";""BU0363AD03"";""37.5"""
"189093;""20300"";""MBG0095"";""BU0363AD03"";""2022JJ00"";""Amsterdam                               "";""Buurt   "";""BU0363AD03"";""40.4"""
"189094;""20300"";""MBG0095"";""BU0363AD03"";""2024JJ00"";""Amsterdam                               "";""Buurt   "";""BU0363AD03"";""33.5"""
"189097;""20300"";""MBG0095"";""BU0363AD04"";""2020JJ00"";""Amsterdam                               "";""Buurt   "";""BU0363AD04"";""32.4"""
"189098;""20300"";""MBG0095"";""BU0363AD04"";""2022JJ00"";""Amsterdam                               "";""Buurt   "";""BU0363AD04"";""35.6"""
"189099;""20300"";""MBG0095"";""BU0363AD04"";""2024JJ00"";""Amsterdam                               "";""Buurt   "";""BU0363AD04"";""29.2"""
"189102;""20300"";""MBG0095"";""BU0363AD05"";""2020JJ00"";""Amsterdam                               "";""Buurt   "";""BU0363AD05"";""40.4"""
"189103;""20300"";""MBG0095"";""BU0363AD05"";""2022JJ00"";""Amsterdam                               "";""Buurt   "";""BU0363AD05"";""39.8"""
"189104;""20300"";""MBG0095"";""BU0363AD05"";""2024JJ00"";""Amsterdam                               "";""Buurt   "";""BU0363AD05"";""30.1"""
"189107;""20300"";""MBG0095"";""BU0363AD06"";""2020JJ00"";""Amsterdam                               "";""Buurt   "";""BU0363AD06"";""30.1"""
"189108;""20300"";""MBG0095"";""BU0363AD06"";""2022JJ00"";""Amsterdam                               "";""Buurt   "";""BU0363AD06"";""35"""
"189109;""20300"";""MBG0095"";""BU0363AD06"";""2024JJ00"";""Amsterdam                               "";""Buurt   "";""BU0363AD06"";""30.6"""
"189112;""20300"";""MBG0095"";""BU0363AD07"";""2020JJ00"";""Amsterdam                               "";""Buurt   "";""BU0363AD07"";""26.6"""
"189113;""20300"";""MBG0095"";""BU0363AD07"";""2022JJ00"";""Amsterdam                               "";""Buurt   "";""BU0363AD07"";""40.9"""
"189114;""20300"";""MBG0095"";""BU0363AD07"";""2024JJ00"";""Amsterdam                               "";""Buurt   "";""BU0363AD07"";""33.7"""
"189117;""20300"";""MBG0095"";""BU0363AD08"";""2020JJ00"";""Amsterdam                               "";""Buurt   "";""BU0363AD08"";""36.6"""
"189118;""20300"";""MBG0095"";""BU0363AD08"";""2022JJ00"";""Amsterdam                               "";""Buurt   "";""BU0363AD08"";""39.2"""
"189119;""20300"";""MBG0095"";""BU0363AD08"";""2024JJ00"";""Amsterdam                               "";""Buurt   "";""BU0363AD08"";""34.8"""
"189122;""20300"";""MBG0095"";""WK0363AE  "";""2020JJ00"";""Amsterdam                               "";""Wijk    "";""WK0363AE  "";""31.1"""
"189123;""20300"";""MBG0095"";""WK0363AE  "";""2022JJ00"";""Amsterdam                               "";""Wijk    "";""WK0363AE  "";""40.9"""
"189124;""20300"";""MBG0095"";""WK0363AE  "";""2024JJ00"";""Amsterdam                               "";""Wijk    "";""WK0363AE  "";""30.3"""
"189127;""20300"";""MBG0095"";""BU0363AE01"";""2020JJ00"";""Amsterdam                               "";""Buurt   "";""BU0363AE01"";""30.3"""
"189128;""20300"";""MBG0095"";""BU0363AE01"";""2022JJ00"";""Amsterdam                               "";""Buurt   "";""BU0363AE01"";""42.6"""
"189129;""20300"";""MBG0095"";""BU0363AE01"";""2024JJ00"";""Amsterdam                               "";""Buurt   "";""BU0363AE01"";""30.1"""
"189132;""20300"";""MBG0095"";""BU0363AE02"";""2020JJ00"";""Amsterdam                               "";""Buurt   "";""BU0363AE02"";""35.6"""
"189133;""20300"";""MBG0095"";""BU0363AE02"";""2022JJ00"";""Amsterdam                               "";""Buurt   "";""BU0363AE02"";""45.3"""
"189134;""20300"";""MBG0095"";""BU0363AE02"";""2024JJ00"";""Amsterdam                               "";""Buurt   "";""BU0363AE02"";""34.5"""
"189137;""20300"";""MBG0095"";""BU0363AE03"";""2020JJ00"";""Amsterdam                               "";""Buurt   "";""BU0363AE03"";""35.3"""
"189138;""20300"";""MBG0095"";""BU0363AE03"";""2022JJ00"";""Amsterdam                               "";""Buurt   "";""BU0363AE03"";""40.5"""
"189139;""20300"";""MBG0095"";""BU0363AE03"";""2024JJ00"";""Amsterdam                               "";""Buurt   "";""BU0363AE03"";""32.3"""
"189142;""20300"";""MBG0095"";""BU0363AE04"";""2020JJ00"";""Amsterdam                               "";""Buurt   "";""BU0363AE04"";""35.8"""
"189143;""20300"";""MBG0095"";""BU0363AE04"";""2022JJ00"";""Amsterdam                               "";""Buurt   "";""BU0363AE04"";""36.1"""
"189144;""20300"";""MBG0095"";""BU0363AE04"";""2024JJ00"";""Amsterdam                               "";""Buurt   "";""BU0363AE04"";""28.2"""
"189147;""20300"";""MBG0095"";""BU0363AE05"";""2020JJ00"";""Amsterdam                               "";""Buurt   "";""BU0363AE05"";""31.6"""
"189148;""20300"";""MBG0095"";""BU0363AE05"";""2022JJ00"";""Amsterdam                               "";""Buurt   "";""BU0363AE05"";""44.4"""
"189149;""20300"";""MBG0095"";""BU0363AE05"";""2024JJ00"";""Amsterdam                               "";""Buurt   "";""BU0363AE05"";""31.4"""
"189152;""20300"";""MBG0095"";""WK0363AF  "";""2020JJ00"";""Amsterdam                               "";""Wijk    "";""WK0363AF  "";""22.5"""
"189153;""20300"";""MBG0095"";""WK0363AF  "";""2022JJ00"";""Amsterdam                               "";""Wijk    "";""WK0363AF  "";""29.3"""
"189154;""20300"";""MBG0095"";""WK0363AF  "";""2024JJ00"";""Amsterdam                               "";""Wijk    "";""WK0363AF  "";""23.9"""
"189157;""20300"";""MBG0095"";""BU0363AF01"";""2020JJ00"";""Amsterdam                               "";""Buurt   "";""BU0363AF01"";""23.5"""
"189158;""20300"";""MBG0095"";""BU0363AF01"";""2022JJ00"";""Amsterdam                               "";""Buurt   "";""BU0363AF01"";""34.7"""
"189159;""20300"";""MBG0095"";""BU0363AF01"";""2024JJ00"";""Amsterdam                               "";""Buurt   "";""BU0363AF01"";""24.6"""
"189162;""20300"";""MBG0095"";""BU0363AF02"";""2020JJ00"";""Amsterdam                               "";""Buurt   "";""BU0363AF02"";""24.8"""
"189163;""20300"";""MBG0095"";""BU0363AF02"";""2022JJ00"";""Amsterdam                               "";""Buurt   "";""BU0363AF02"";""29.4"""
"189164;""20300"";""MBG0095"";""BU0363AF02"";""2024JJ00"";""Amsterdam                               "";""Buurt   "";""BU0363AF02"";""24.5"""
"189167;""20300"";""MBG0095"";""BU0363AF03"";""2020JJ00"";""Amsterdam                               "";""Buurt   "";""BU0363AF03"";""22.1"""
"189168;""20300"";""MBG0095"";""BU0363AF03"";""2022JJ00"";""Amsterdam                               "";""Buurt   "";""BU0363AF03"";""33.5"""
"189169;""20300"";""MBG0095"";""BU0363AF03"";""2024JJ00"";""Amsterdam                               "";""Buurt   "";""BU0363AF03"";""25.3"""
"189172;""20300"";""MBG0095"";""BU0363AF04"";""2020JJ00"";""Amsterdam                               "";""Buurt   "";""BU0363AF04"";""25.4"""
"189173;""20300"";""MBG0095"";""BU0363AF04"";""2022JJ00"";""Amsterdam                               "";""Buurt   "";""BU0363AF04"";""31.8"""
"189174;""20300"";""MBG0095"";""BU0363AF04"";""2024JJ00"";""Amsterdam                               "";""Buurt   "";""BU0363AF04"";""27.2"""
"189177;""20300"";""MBG0095"";""BU0363AF05"";""2020JJ00"";""Amsterdam                               "";""Buurt   "";""BU0363AF05"";""29.9"""
"189178;""20300"";""MBG0095"";""BU0363AF05"";""2022JJ00"";""Amsterdam                               "";""Buurt   "";""BU0363AF05"";""33.3"""
"189179;""20300"";""MBG0095"";""BU0363AF05"";""2024JJ00"";""Amsterdam                               "";""Buurt   "";""BU0363AF05"";""26.6"""
"189182;""20300"";""MBG0095"";""BU0363AF06"";""2020JJ00"";""Amsterdam                               "";""Buurt   "";""BU0363AF06"";""22.3"""
"189183;""20300"";""MBG0095"";""BU0363AF06"";""2022JJ00"";""Amsterdam                               "";""Buurt   "";""BU0363AF06"";""29.1"""
"189184;""20300"";""MBG0095"";""BU0363AF06"";""2024JJ00"";""Amsterdam                               "";""Buurt   "";""BU0363AF06"";""25.2"""
"189187;""20300"";""MBG0095"";""BU0363AF07"";""2020JJ00"";""Amsterdam                               "";""Buurt   "";""BU0363AF07"";""20"""
"189188;""20300"";""MBG0095"";""BU0363AF07"";""2022JJ00"";""Amsterdam                               "";""Buurt   "";""BU0363AF07"";""27.4"""
"189189;""20300"";""MBG0095"";""BU0363AF07"";""2024JJ00"";""Amsterdam                               "";""Buurt   "";""BU0363AF07"";""21.9"""
"189192;""20300"";""MBG0095"";""BU0363AF08"";""2020JJ00"";""Amsterdam                               "";""Buurt   "";""BU0363AF08"";""25.9"""
"189193;""20300"";""MBG0095"";""BU0363AF08"";""2022JJ00"";""Amsterdam                               "";""Buurt   "";""BU0363AF08"";""31.6"""
"189194;""20300"";""MBG0095"";""BU0363AF08"";""2024JJ00"";""Amsterdam                               "";""Buurt   "";""BU0363AF08"";""27.3"""
"189197;""20300"";""MBG0095"";""BU0363AF09"";""2020JJ00"";""Amsterdam                               "";""Buurt   "";""BU0363AF09"";""24.7"""
"189198;""20300"";""MBG0095"";""BU0363AF09"";""2022JJ00"";""Amsterdam                               "";""Buurt   "";""BU0363AF09"";""28.4"""
"189199;""20300"";""MBG0095"";""BU0363AF09"";""2024JJ00"";""Amsterdam                               "";""Buurt   "";""BU0363AF09"";""25.5"""
"189202;""20300"";""MBG0095"";""WK0363AG  "";""2020JJ00"";""Amsterdam                               "";""Wijk    "";""WK0363AG  "";""20.2"""
"189203;""20300"";""MBG0095"";""WK0363AG  "";""2022JJ00"";""Amsterdam                               "";""Wijk    "";""WK0363AG  "";""27.8"""
"189204;""20300"";""MBG0095"";""WK0363AG  "";""2024JJ00"";""Amsterdam                               "";""Wijk    "";""WK0363AG  "";""24.9"""
"189207;""20300"";""MBG0095"";""BU0363AG01"";""2020JJ00"";""Amsterdam                               "";""Buurt   "";""BU0363AG01"";""23.3"""
"189208;""20300"";""MBG0095"";""BU0363AG01"";""2022JJ00"";""Amsterdam                               "";""Buurt   "";""BU0363AG01"";""29.4"""
"189209;""20300"";""MBG0095"";""BU0363AG01"";""2024JJ00"";""Amsterdam                               "";""Buurt   "";""BU0363AG01"";""26.6"""
"189212;""20300"";""MBG0095"";""BU0363AG02"";""2020JJ00"";""Amsterdam                               "";""Buurt   "";""BU0363AG02"";""33.5"""
"189213;""20300"";""MBG0095"";""BU0363AG02"";""2022JJ00"";""Amsterdam                               "";""Buurt   "";""BU0363AG02"";""39.8"""
"189214;""20300"";""MBG0095"";""BU0363AG02"";""2024JJ00"";""Amsterdam                               "";""Buurt   "";""BU0363AG02"";""33.4"""
"189217;""20300"";""MBG0095"";""BU0363AG03"";""2020JJ00"";""Amsterdam                               "";""Buurt   "";""BU0363AG03"";""27.9"""
"189218;""20300"";""MBG0095"";""BU0363AG03"";""2022JJ00"";""Amsterdam                               "";""Buurt   "";""BU0363AG03"";""38.1"""
"189219;""20300"";""MBG0095"";""BU0363AG03"";""2024JJ00"";""Amsterdam                               "";""Buurt   "";""BU0363AG03"";""29.8"""
"189222;""20300"";""MBG0095"";""BU0363AG04"";""2020JJ00"";""Amsterdam                               "";""Buurt   "";""BU0363AG04"";""23.5"""
"189223;""20300"";""MBG0095"";""BU0363AG04"";""2022JJ00"";""Amsterdam                               "";""Buurt   "";""BU0363AG04"";""29.8"""
"189224;""20300"";""MBG0095"";""BU0363AG04"";""2024JJ00"";""Amsterdam                               "";""Buurt   "";""BU0363AG04"";""25.8"""
"189227;""20300"";""MBG0095"";""BU0363AG05"";""2020JJ00"";""Amsterdam                               "";""Buurt   "";""BU0363AG05"";""18.8"""
"189228;""20300"";""MBG0095"";""BU0363AG05"";""2022JJ00"";""Amsterdam                               "";""Buurt   "";""BU0363AG05"";""25.8"""
"189229;""20300"";""MBG0095"";""BU0363AG05"";""2024JJ00"";""Amsterdam                               "";""Buurt   "";""BU0363AG05"";""23.6"""
"189232;""20300"";""MBG0095"";""BU0363AG06"";""2020JJ00"";""Amsterdam                               "";""Buurt   "";""BU0363AG06"";""18.5"""
"189233;""20300"";""MBG0095"";""BU0363AG06"";""2022JJ00"";""Amsterdam                               "";""Buurt   "";""BU0363AG06"";""25.4"""
"189234;""20300"";""MBG0095"";""BU0363AG06"";""2024JJ00"";""Amsterdam                               "";""Buurt   "";""BU0363AG06"";""23.2"""
"189237;""20300"";""MBG0095"";""WK0363AH  "";""2020JJ00"";""Amsterdam                               "";""Wijk    "";""WK0363AH  "";""21.1"""
"189238;""20300"";""MBG0095"";""WK0363AH  "";""2022JJ00"";""Amsterdam                               "";""Wijk    "";""WK0363AH  "";""26.1"""
"189239;""20300"";""MBG0095"";""WK0363AH  "";""2024JJ00"";""Amsterdam                               "";""Wijk    "";""WK0363AH  "";""24.1"""
"189242;""20300"";""MBG0095"";""BU0363AH01"";""2020JJ00"";""Amsterdam                               "";""Buurt   "";""BU0363AH01"";""28.2"""
"189243;""20300"";""MBG0095"";""BU0363AH01"";""2022JJ00"";""Amsterdam                               "";""Buurt   "";""BU0363AH01"";""34.4"""
"189244;""20300"";""MBG0095"";""BU0363AH01"";""2024JJ00"";""Amsterdam                               "";""Buurt   "";""BU0363AH01"";""29.1"""
"189247;""20300"";""MBG0095"";""BU0363AH02"";""2020JJ00"";""Amsterdam                               "";""Buurt   "";""BU0363AH02"";""34"""
"189248;""20300"";""MBG0095"";""BU0363AH02"";""2022JJ00"";""Amsterdam                               "";""Buurt   "";""BU0363AH02"";""36"""
"189249;""20300"";""MBG0095"";""BU0363AH02"";""2024JJ00"";""Amsterdam                               "";""Buurt   "";""BU0363AH02"";""32.2"""
"189252;""20300"";""MBG0095"";""BU0363AH03"";""2020JJ00"";""Amsterdam                               "";""Buurt   "";""BU0363AH03"";""21"""
"189253;""20300"";""MBG0095"";""BU0363AH03"";""2022JJ00"";""Amsterdam                               "";""Buurt   "";""BU0363AH03"";""25.4"""
"189254;""20300"";""MBG0095"";""BU0363AH03"";""2024JJ00"";""Amsterdam                               "";""Buurt   "";""BU0363AH03"";""23.9"""
"189257;""20300"";""MBG0095"";""BU0363AH04"";""2020JJ00"";""Amsterdam                               "";""Buurt   "";""BU0363AH04"";""20.3"""
"189258;""20300"";""MBG0095"";""BU0363AH04"";""2022JJ00"";""Amsterdam                               "";""Buurt   "";""BU0363AH04"";""26.2"""
"189259;""20300"";""MBG0095"";""BU0363AH04"";""2024JJ00"";""Amsterdam                               "";""Buurt   "";""BU0363AH04"";""23.7"""
"189262;""20300"";""MBG0095"";""BU0363AH05"";""2020JJ00"";""Amsterdam                               "";""Buurt   "";""BU0363AH05"";""34.9"""
"189263;""20300"";""MBG0095"";""BU0363AH05"";""2022JJ00"";""Amsterdam                               "";""Buurt   "";""BU0363AH05"";""39.3"""
"189264;""20300"";""MBG0095"";""BU0363AH05"";""2024JJ00"";""Amsterdam                               "";""Buurt   "";""BU0363AH05"";""34.4"""
"189267;""20300"";""MBG0095"";""BU0363AH06"";""2020JJ00"";""Amsterdam                               "";""Buurt   "";""BU0363AH06"";""28.4"""
"189268;""20300"";""MBG0095"";""BU0363AH06"";""2022JJ00"";""Amsterdam                               "";""Buurt   "";""BU0363AH06"";""30.7"""
"189269;""20300"";""MBG0095"";""BU0363AH06"";""2024JJ00"";""Amsterdam                               "";""Buurt   "";""BU0363AH06"";""28.6"""
"189272;""20300"";""MBG0095"";""BU0363AH07"";""2020JJ00"";""Amsterdam                               "";""Buurt   "";""BU0363AH07"";""20.2"""
"189273;""20300"";""MBG0095"";""BU0363AH07"";""2022JJ00"";""Amsterdam                               "";""Buurt   "";""BU0363AH07"";""26"""
"189274;""20300"";""MBG0095"";""BU0363AH07"";""2024JJ00"";""Amsterdam                               "";""Buurt   "";""BU0363AH07"";""22.4"""
"189277;""20300"";""MBG0095"";""BU0363AH08"";""2020JJ00"";""Amsterdam                               "";""Buurt   "";""BU0363AH08"";""18.1"""
"189278;""20300"";""MBG0095"";""BU0363AH08"";""2022JJ00"";""Amsterdam                               "";""Buurt   "";""BU0363AH08"";""24.6"""
"189279;""20300"";""MBG0095"";""BU0363AH08"";""2024JJ00"";""Amsterdam                               "";""Buurt   "";""BU0363AH08"";""22.4"""
"189282;""20300"";""MBG0095"";""WK0363AJ  "";""2020JJ00"";""Amsterdam                               "";""Wijk    "";""WK0363AJ  "";""21.4"""
"189283;""20300"";""MBG0095"";""WK0363AJ  "";""2022JJ00"";""Amsterdam                               "";""Wijk    "";""WK0363AJ  "";""26.9"""
"189284;""20300"";""MBG0095"";""WK0363AJ  "";""2024JJ00"";""Amsterdam                               "";""Wijk    "";""WK0363AJ  "";""23.3"""
"189287;""20300"";""MBG0095"";""BU0363AJ01"";""2020JJ00"";""Amsterdam                               "";""Buurt   "";""BU0363AJ01"";""22.8"""
"189288;""20300"";""MBG0095"";""BU0363AJ01"";""2022JJ00"";""Amsterdam                               "";""Buurt   "";""BU0363AJ01"";""30.4"""
"189289;""20300"";""MBG0095"";""BU0363AJ01"";""2024JJ00"";""Amsterdam                               "";""Buurt   "";""BU0363AJ01"";""24.9"""
"189292;""20300"";""MBG0095"";""BU0363AJ02"";""2020JJ00"";""Amsterdam                               "";""Buurt   "";""BU0363AJ02"";""17.9"""
"189293;""20300"";""MBG0095"";""BU0363AJ02"";""2022JJ00"";""Amsterdam                               "";""Buurt   "";""BU0363AJ02"";""22.9"""
"189294;""20300"";""MBG0095"";""BU0363AJ02"";""2024JJ00"";""Amsterdam                               "";""Buurt   "";""BU0363AJ02"";""22.1"""
"189297;""20300"";""MBG0095"";""BU0363AJ03"";""2020JJ00"";""Amsterdam                               "";""Buurt   "";""BU0363AJ03"";""24.9"""
"189298;""20300"";""MBG0095"";""BU0363AJ03"";""2022JJ00"";""Amsterdam                               "";""Buurt   "";""BU0363AJ03"";""30"""
"189299;""20300"";""MBG0095"";""BU0363AJ03"";""2024JJ00"";""Amsterdam                               "";""Buurt   "";""BU0363AJ03"";""26.2"""
"189302;""20300"";""MBG0095"";""BU0363AJ04"";""2020JJ00"";""Amsterdam                               "";""Buurt   "";""BU0363AJ04"";""23.2"""
"189303;""20300"";""MBG0095"";""BU0363AJ04"";""2022JJ00"";""Amsterdam                               "";""Buurt   "";""BU0363AJ04"";""25.4"""
"189304;""20300"";""MBG0095"";""BU0363AJ04"";""2024JJ00"";""Amsterdam                               "";""Buurt   "";""BU0363AJ04"";""24"""
"189307;""20300"";""MBG0095"";""WK0363AK  "";""2020JJ00"";""Amsterdam                               "";""Wijk    "";""WK0363AK  "";""24.1"""
"189308;""20300"";""MBG0095"";""WK0363AK  "";""2022JJ00"";""Amsterdam                               "";""Wijk    "";""WK0363AK  "";""30.8"""
"189309;""20300"";""MBG0095"";""WK0363AK  "";""2024JJ00"";""Amsterdam                               "";""Wijk    "";""WK0363AK  "";""22.3"""
"189312;""20300"";""MBG0095"";""BU0363AK01"";""2020JJ00"";""Amsterdam                               "";""Buurt   "";""BU0363AK01"";"
"189313;""20300"";""MBG0095"";""BU0363AK01"";""2022JJ00"";""Amsterdam                               "";""Buurt   "";""BU0363AK01"";"
"189314;""20300"";""MBG0095"";""BU0363AK01"";""2024JJ00"";""Amsterdam                               "";""Buurt   "";""BU0363AK01"";"
"189317;""20300"";""MBG0095"";""BU0363AK02"";""2020JJ00"";""Amsterdam                               "";""Buurt   "";""BU0363AK02"";""26.9"""
"189318;""20300"";""MBG0095"";""BU0363AK02"";""2022JJ00"";""Amsterdam                               "";""Buurt   "";""BU0363AK02"";""36.5"""
"189319;""20300"";""MBG0095"";""BU0363AK02"";""2024JJ00"";""Amsterdam                               "";""Buurt   "";""BU0363AK02"";""27.1"""
"189322;""20300"";""MBG0095"";""BU0363AK03"";""2020JJ00"";""Amsterdam                               "";""Buurt   "";""BU0363AK03"";""26"""
"189323;""20300"";""MBG0095"";""BU0363AK03"";""2022JJ00"";""Amsterdam                               "";""Buurt   "";""BU0363AK03"";""34.4"""
"189324;""20300"";""MBG0095"";""BU0363AK03"";""2024JJ00"";""Amsterdam                               "";""Buurt   "";""BU0363AK03"";""25.4"""
"189327;""20300"";""MBG0095"";""BU0363AK04"";""2020JJ00"";""Amsterdam                               "";""Buurt   "";""BU0363AK04"";""28.3"""
"189328;""20300"";""MBG0095"";""BU0363AK04"";""2022JJ00"";""Amsterdam                               "";""Buurt   "";""BU0363AK04"";""31.5"""
"189329;""20300"";""MBG0095"";""BU0363AK04"";""2024JJ00"";""Amsterdam                               "";""Buurt   "";""BU0363AK04"";""22.7"""
"189332;""20300"";""MBG0095"";""BU0363AK05"";""2020JJ00"";""Amsterdam                               "";""Buurt   "";""BU0363AK05"";""29.1"""
"189333;""20300"";""MBG0095"";""BU0363AK05"";""2022JJ00"";""Amsterdam                               "";""Buurt   "";""BU0363AK05"";""35.3"""
"189334;""20300"";""MBG0095"";""BU0363AK05"";""2024JJ00"";""Amsterdam                               "";""Buurt   "";""BU0363AK05"";""27.9"""
"189337;""20300"";""MBG0095"";""BU0363AK06"";""2020JJ00"";""Amsterdam                               "";""Buurt   "";""BU0363AK06"";""18.4"""
"189338;""20300"";""MBG0095"";""BU0363AK06"";""2022JJ00"";""Amsterdam                               "";""Buurt   "";""BU0363AK06"";""27.4"""
"189339;""20300"";""MBG0095"";""BU0363AK06"";""2024JJ00"";""Amsterdam                               "";""Buurt   "";""BU0363AK06"";""19.7"""
"189342;""20300"";""MBG0095"";""BU0363AK07"";""2020JJ00"";""Amsterdam                               "";""Buurt   "";""BU0363AK07"";""21.5"""
"189343;""20300"";""MBG0095"";""BU0363AK07"";""2022JJ00"";""Amsterdam                               "";""Buurt   "";""BU0363AK07"";""27.4"""
"189344;""20300"";""MBG0095"";""BU0363AK07"";""2024JJ00"";""Amsterdam                               "";""Buurt   "";""BU0363AK07"";""20.6"""
"189347;""20300"";""MBG0095"";""BU0363AK08"";""2020JJ00"";""Amsterdam                               "";""Buurt   "";""BU0363AK08"";""26"""
"189348;""20300"";""MBG0095"";""BU0363AK08"";""2022JJ00"";""Amsterdam                               "";""Buurt   "";""BU0363AK08"";""33.1"""
"189349;""20300"";""MBG0095"";""BU0363AK08"";""2024JJ00"";""Amsterdam                               "";""Buurt   "";""BU0363AK08"";""24.2"""
"189352;""20300"";""MBG0095"";""WK0363BA  "";""2020JJ00"";""Amsterdam                               "";""Wijk    "";""WK0363BA  "";"
"189353;""20300"";""MBG0095"";""WK0363BA  "";""2022JJ00"";""Amsterdam                               "";""Wijk    "";""WK0363BA  "";"
"189354;""20300"";""MBG0095"";""WK0363BA  "";""2024JJ00"";""Amsterdam                               "";""Wijk    "";""WK0363BA  "";"
"189357;""20300"";""MBG0095"";""BU0363BA01"";""2020JJ00"";""Amsterdam                               "";""Buurt   "";""BU0363BA01"";"
"189358;""20300"";""MBG0095"";""BU0363BA01"";""2022JJ00"";""Amsterdam                               "";""Buurt   "";""BU0363BA01"";"
"189359;""20300"";""MBG0095"";""BU0363BA01"";""2024JJ00"";""Amsterdam                               "";""Buurt   "";""BU0363BA01"";"
"189362;""20300"";""MBG0095"";""BU0363BA02"";""2020JJ00"";""Amsterdam                               "";""Buurt   "";""BU0363BA02"";"
"189363;""20300"";""MBG0095"";""BU0363BA02"";""2022JJ00"";""Amsterdam                               "";""Buurt   "";""BU0363BA02"";"
"189364;""20300"";""MBG0095"";""BU0363BA02"";""2024JJ00"";""Amsterdam                               "";""Buurt   "";""BU0363BA02"";"
"189367;""20300"";""MBG0095"";""BU0363BA03"";""2020JJ00"";""Amsterdam                               "";""Buurt   "";""BU0363BA03"";"
"189368;""20300"";""MBG0095"";""BU0363BA03"";""2022JJ00"";""Amsterdam                               "";""Buurt   "";""BU0363BA03"";"
"189369;""20300"";""MBG0095"";""BU0363BA03"";""2024JJ00"";""Amsterdam                               "";""Buurt   "";""BU0363BA03"";"
"189372;""20300"";""MBG0095"";""BU0363BA04"";""2020JJ00"";""Amsterdam                               "";""Buurt   "";""BU0363BA04"";"
"189373;""20300"";""MBG0095"";""BU0363BA04"";""2022JJ00"";""Amsterdam                               "";""Buurt   "";""BU0363BA04"";"
"189374;""20300"";""MBG0095"";""BU0363BA04"";""2024JJ00"";""Amsterdam                               "";""Buurt   "";""BU0363BA04"";"
"189377;""20300"";""MBG0095"";""BU0363BA05"";""2020JJ00"";""Amsterdam                               "";""Buurt   "";""BU0363BA05"";"
"189378;""20300"";""MBG0095"";""BU0363BA05"";""2022JJ00"";""Amsterdam                               "";""Buurt   "";""BU0363BA05"";"
"189379;""20300"";""MBG0095"";""BU0363BA05"";""2024JJ00"";""Amsterdam                               "";""Buurt   "";""BU0363BA05"";"
"189382;""20300"";""MBG0095"";""BU0363BA06"";""2020JJ00"";""Amsterdam                               "";""Buurt   "";""BU0363BA06"";"
"189383;""20300"";""MBG0095"";""BU0363BA06"";""2022JJ00"";""Amsterdam                               "";""Buurt   "";""BU0363BA06"";"
"189384;""20300"";""MBG0095"";""BU0363BA06"";""2024JJ00"";""Amsterdam                               "";""Buurt   "";""BU0363BA06"";"
"189387;""20300"";""MBG0095"";""WK0363BB  "";""2020JJ00"";""Amsterdam                               "";""Wijk    "";""WK0363BB  "";""46.7"""
"189388;""20300"";""MBG0095"";""WK0363BB  "";""2022JJ00"";""Amsterdam                               "";""Wijk    "";""WK0363BB  "";""60.8"""
"189389;""20300"";""MBG0095"";""WK0363BB  "";""2024JJ00"";""Amsterdam                               "";""Wijk    "";""WK0363BB  "";""32.6"""
"189392;""20300"";""MBG0095"";""BU0363BB01"";""2020JJ00"";""Amsterdam                               "";""Buurt   "";""BU0363BB01"";"
"189393;""20300"";""MBG0095"";""BU0363BB01"";""2022JJ00"";""Amsterdam                               "";""Buurt   "";""BU0363BB01"";"
"189394;""20300"";""MBG0095"";""BU0363BB01"";""2024JJ00"";""Amsterdam                               "";""Buurt   "";""BU0363BB01"";"
"189397;""20300"";""MBG0095"";""BU0363BB02"";""2020JJ00"";""Amsterdam                               "";""Buurt   "";""BU0363BB02"";"
"189398;""20300"";""MBG0095"";""BU0363BB02"";""2022JJ00"";""Amsterdam                               "";""Buurt   "";""BU0363BB02"";"
"189399;""20300"";""MBG0095"";""BU0363BB02"";""2024JJ00"";""Amsterdam                               "";""Buurt   "";""BU0363BB02"";"
"189402;""20300"";""MBG0095"";""BU0363BB03"";""2020JJ00"";""Amsterdam                               "";""Buurt   "";""BU0363BB03"";""58"""
"189403;""20300"";""MBG0095"";""BU0363BB03"";""2022JJ00"";""Amsterdam                               "";""Buurt   "";""BU0363BB03"";""61.5"""
"189404;""20300"";""MBG0095"";""BU0363BB03"";""2024JJ00"";""Amsterdam                               "";""Buurt   "";""BU0363BB03"";""33"""
"189407;""20300"";""MBG0095"";""BU0363BB04"";""2020JJ00"";""Amsterdam                               "";""Buurt   "";""BU0363BB04"";"
"189408;""20300"";""MBG0095"";""BU0363BB04"";""2022JJ00"";""Amsterdam                               "";""Buurt   "";""BU0363BB04"";"
"189409;""20300"";""MBG0095"";""BU0363BB04"";""2024JJ00"";""Amsterdam                               "";""Buurt   "";""BU0363BB04"";"
"189412;""20300"";""MBG0095"";""BU0363BB05"";""2020JJ00"";""Amsterdam                               "";""Buurt   "";""BU0363BB05"";"
"189413;""20300"";""MBG0095"";""BU0363BB05"";""2022JJ00"";""Amsterdam                               "";""Buurt   "";""BU0363BB05"";"
"189414;""20300"";""MBG0095"";""BU0363BB05"";""2024JJ00"";""Amsterdam                               "";""Buurt   "";""BU0363BB05"";"
"189417;""20300"";""MBG0095"";""BU0363BB06"";""2020JJ00"";""Amsterdam                               "";""Buurt   "";""BU0363BB06"";"
"189418;""20300"";""MBG0095"";""BU0363BB06"";""2022JJ00"";""Amsterdam                               "";""Buurt   "";""BU0363BB06"";"
"189419;""20300"";""MBG0095"";""BU0363BB06"";""2024JJ00"";""Amsterdam                               "";""Buurt   "";""BU0363BB06"";"
"189422;""20300"";""MBG0095"";""BU0363BB07"";""2020JJ00"";""Amsterdam                               "";""Buurt   "";""BU0363BB07"";"
"189423;""20300"";""MBG0095"";""BU0363BB07"";""2022JJ00"";""Amsterdam                               "";""Buurt   "";""BU0363BB07"";"
"189424;""20300"";""MBG0095"";""BU0363BB07"";""2024JJ00"";""Amsterdam                               "";""Buurt   "";""BU0363BB07"";"
"189427;""20300"";""MBG0095"";""BU0363BB08"";""2020JJ00"";""Amsterdam                               "";""Buurt   "";""BU0363BB08"";"
"189428;""20300"";""MBG0095"";""BU0363BB08"";""2022JJ00"";""Amsterdam                               "";""Buurt   "";""BU0363BB08"";"
"189429;""20300"";""MBG0095"";""BU0363BB08"";""2024JJ00"";""Amsterdam                               "";""Buurt   "";""BU0363BB08"";"
"189432;""20300"";""MBG0095"";""WK0363EA  "";""2020JJ00"";""Amsterdam                               "";""Wijk    "";""WK0363EA  "";""21.4"""
"189433;""20300"";""MBG0095"";""WK0363EA  "";""2022JJ00"";""Amsterdam                               "";""Wijk    "";""WK0363EA  "";""25.4"""
"189434;""20300"";""MBG0095"";""WK0363EA  "";""2024JJ00"";""Amsterdam                               "";""Wijk    "";""WK0363EA  "";""23.8"""
"189437;""20300"";""MBG0095"";""BU0363EA01"";""2020JJ00"";""Amsterdam                               "";""Buurt   "";""BU0363EA01"";"
"189438;""20300"";""MBG0095"";""BU0363EA01"";""2022JJ00"";""Amsterdam                               "";""Buurt   "";""BU0363EA01"";"
"189439;""20300"";""MBG0095"";""BU0363EA01"";""2024JJ00"";""Amsterdam                               "";""Buurt   "";""BU0363EA01"";"
"189442;""20300"";""MBG0095"";""BU0363EA02"";""2020JJ00"";""Amsterdam                               "";""Buurt   "";""BU0363EA02"";"
"189443;""20300"";""MBG0095"";""BU0363EA02"";""2022JJ00"";""Amsterdam                               "";""Buurt   "";""BU0363EA02"";"
"189444;""20300"";""MBG0095"";""BU0363EA02"";""2024JJ00"";""Amsterdam                               "";""Buurt   "";""BU0363EA02"";"
"189447;""20300"";""MBG0095"";""BU0363EA03"";""2020JJ00"";""Amsterdam                               "";""Buurt   "";""BU0363EA03"";""18.2"""
"189448;""20300"";""MBG0095"";""BU0363EA03"";""2022JJ00"";""Amsterdam                               "";""Buurt   "";""BU0363EA03"";""21.5"""
"189449;""20300"";""MBG0095"";""BU0363EA03"";""2024JJ00"";""Amsterdam                               "";""Buurt   "";""BU0363EA03"";""23.1"""
"189452;""20300"";""MBG0095"";""WK0363EB  "";""2020JJ00"";""Amsterdam                               "";""Wijk    "";""WK0363EB  "";""29"""
"189453;""20300"";""MBG0095"";""WK0363EB  "";""2022JJ00"";""Amsterdam                               "";""Wijk    "";""WK0363EB  "";""37"""
"189454;""20300"";""MBG0095"";""WK0363EB  "";""2024JJ00"";""Amsterdam                               "";""Wijk    "";""WK0363EB  "";""27.2"""
"189457;""20300"";""MBG0095"";""BU0363EB01"";""2020JJ00"";""Amsterdam                               "";""Buurt   "";""BU0363EB01"";"
"189458;""20300"";""MBG0095"";""BU0363EB01"";""2022JJ00"";""Amsterdam                               "";""Buurt   "";""BU0363EB01"";"
"189459;""20300"";""MBG0095"";""BU0363EB01"";""2024JJ00"";""Amsterdam                               "";""Buurt   "";""BU0363EB01"";"
"189462;""20300"";""MBG0095"";""BU0363EB02"";""2020JJ00"";""Amsterdam                               "";""Buurt   "";""BU0363EB02"";"
"189463;""20300"";""MBG0095"";""BU0363EB02"";""2022JJ00"";""Amsterdam                               "";""Buurt   "";""BU0363EB02"";"
"189464;""20300"";""MBG0095"";""BU0363EB02"";""2024JJ00"";""Amsterdam                               "";""Buurt   "";""BU0363EB02"";"
"189467;""20300"";""MBG0095"";""BU0363EB03"";""2020JJ00"";""Amsterdam                               "";""Buurt   "";""BU0363EB03"";"
"189468;""20300"";""MBG0095"";""BU0363EB03"";""2022JJ00"";""Amsterdam                               "";""Buurt   "";""BU0363EB03"";"
"189469;""20300"";""MBG0095"";""BU0363EB03"";""2024JJ00"";""Amsterdam                               "";""Buurt   "";""BU0363EB03"";"
"189472;""20300"";""MBG0095"";""BU0363EB04"";""2020JJ00"";""Amsterdam                               "";""Buurt   "";""BU0363EB04"";""31.8"""
"189473;""20300"";""MBG0095"";""BU0363EB04"";""2022JJ00"";""Amsterdam                               "";""Buurt   "";""BU0363EB04"";""42.8"""
"189474;""20300"";""MBG0095"";""BU0363EB04"";""2024JJ00"";""Amsterdam                               "";""Buurt   "";""BU0363EB04"";""30.1"""
"189477;""20300"";""MBG0095"";""BU0363EB05"";""2020JJ00"";""Amsterdam                               "";""Buurt   "";""BU0363EB05"";""32.4"""
"189478;""20300"";""MBG0095"";""BU0363EB05"";""2022JJ00"";""Amsterdam                               "";""Buurt   "";""BU0363EB05"";""37.4"""
"189479;""20300"";""MBG0095"";""BU0363EB05"";""2024JJ00"";""Amsterdam                               "";""Buurt   "";""BU0363EB05"";""29.3"""
"189482;""20300"";""MBG0095"";""BU0363EB06"";""2020JJ00"";""Amsterdam                               "";""Buurt   "";""BU0363EB06"";""25.8"""
"189483;""20300"";""MBG0095"";""BU0363EB06"";""2022JJ00"";""Amsterdam                               "";""Buurt   "";""BU0363EB06"";""34.9"""
"189484;""20300"";""MBG0095"";""BU0363EB06"";""2024JJ00"";""Amsterdam                               "";""Buurt   "";""BU0363EB06"";""26.9"""
"189487;""20300"";""MBG0095"";""BU0363EB07"";""2020JJ00"";""Amsterdam                               "";""Buurt   "";""BU0363EB07"";""32.5"""
"189488;""20300"";""MBG0095"";""BU0363EB07"";""2022JJ00"";""Amsterdam                               "";""Buurt   "";""BU0363EB07"";""39.1"""
"189489;""20300"";""MBG0095"";""BU0363EB07"";""2024JJ00"";""Amsterdam                               "";""Buurt   "";""BU0363EB07"";""28.7"""
"189492;""20300"";""MBG0095"";""BU0363EB08"";""2020JJ00"";""Amsterdam                               "";""Buurt   "";""BU0363EB08"";""27.8"""
"189493;""20300"";""MBG0095"";""BU0363EB08"";""2022JJ00"";""Amsterdam                               "";""Buurt   "";""BU0363EB08"";""36.4"""
"189494;""20300"";""MBG0095"";""BU0363EB08"";""2024JJ00"";""Amsterdam                               "";""Buurt   "";""BU0363EB08"";""27.6"""
"189497;""20300"";""MBG0095"";""BU0363EB09"";""2020JJ00"";""Amsterdam                               "";""Buurt   "";""BU0363EB09"";"
"189498;""20300"";""MBG0095"";""BU0363EB09"";""2022JJ00"";""Amsterdam                               "";""Buurt   "";""BU0363EB09"";"
"189499;""20300"";""MBG0095"";""BU0363EB09"";""2024JJ00"";""Amsterdam                               "";""Buurt   "";""BU0363EB09"";"
"189502;""20300"";""MBG0095"";""BU0363EB10"";""2020JJ00"";""Amsterdam                               "";""Buurt   "";""BU0363EB10"";""29.2"""
"189503;""20300"";""MBG0095"";""BU0363EB10"";""2022JJ00"";""Amsterdam                               "";""Buurt   "";""BU0363EB10"";""35.5"""
"189504;""20300"";""MBG0095"";""BU0363EB10"";""2024JJ00"";""Amsterdam                               "";""Buurt   "";""BU0363EB10"";""26.4"""
"189507;""20300"";""MBG0095"";""WK0363EC  "";""2020JJ00"";""Amsterdam                               "";""Wijk    "";""WK0363EC  "";""14"""
"189508;""20300"";""MBG0095"";""WK0363EC  "";""2022JJ00"";""Amsterdam                               "";""Wijk    "";""WK0363EC  "";""22.2"""
"189509;""20300"";""MBG0095"";""WK0363EC  "";""2024JJ00"";""Amsterdam                               "";""Wijk    "";""WK0363EC  "";""17.5"""
"189512;""20300"";""MBG0095"";""BU0363EC01"";""2020JJ00"";""Amsterdam                               "";""Buurt   "";""BU0363EC01"";""13.4"""
"189513;""20300"";""MBG0095"";""BU0363EC01"";""2022JJ00"";""Amsterdam                               "";""Buurt   "";""BU0363EC01"";""19.8"""
"189514;""20300"";""MBG0095"";""BU0363EC01"";""2024JJ00"";""Amsterdam                               "";""Buurt   "";""BU0363EC01"";""17.7"""
"189517;""20300"";""MBG0095"";""BU0363EC02"";""2020JJ00"";""Amsterdam                               "";""Buurt   "";""BU0363EC02"";""17.3"""
"189518;""20300"";""MBG0095"";""BU0363EC02"";""2022JJ00"";""Amsterdam                               "";""Buurt   "";""BU0363EC02"";""36"""
"189519;""20300"";""MBG0095"";""BU0363EC02"";""2024JJ00"";""Amsterdam                               "";""Buurt   "";""BU0363EC02"";""19.7"""
"189522;""20300"";""MBG0095"";""WK0363ED  "";""2020JJ00"";""Amsterdam                               "";""Wijk    "";""WK0363ED  "";""31.9"""
"189523;""20300"";""MBG0095"";""WK0363ED  "";""2022JJ00"";""Amsterdam                               "";""Wijk    "";""WK0363ED  "";""41.7"""
"189524;""20300"";""MBG0095"";""WK0363ED  "";""2024JJ00"";""Amsterdam                               "";""Wijk    "";""WK0363ED  "";""30.2"""
"189527;""20300"";""MBG0095"";""BU0363ED01"";""2020JJ00"";""Amsterdam                               "";""Buurt   "";""BU0363ED01"";""36.6"""
"189528;""20300"";""MBG0095"";""BU0363ED01"";""2022JJ00"";""Amsterdam                               "";""Buurt   "";""BU0363ED01"";""46.5"""
"189529;""20300"";""MBG0095"";""BU0363ED01"";""2024JJ00"";""Amsterdam                               "";""Buurt   "";""BU0363ED01"";""33.2"""
"189532;""20300"";""MBG0095"";""BU0363ED02"";""2020JJ00"";""Amsterdam                               "";""Buurt   "";""BU0363ED02"";""31.1"""
"189533;""20300"";""MBG0095"";""BU0363ED02"";""2022JJ00"";""Amsterdam                               "";""Buurt   "";""BU0363ED02"";""39.2"""
"189534;""20300"";""MBG0095"";""BU0363ED02"";""2024JJ00"";""Amsterdam                               "";""Buurt   "";""BU0363ED02"";""31.3"""
"189537;""20300"";""MBG0095"";""BU0363ED03"";""2020JJ00"";""Amsterdam                               "";""Buurt   "";""BU0363ED03"";""29.5"""
"189538;""20300"";""MBG0095"";""BU0363ED03"";""2022JJ00"";""Amsterdam                               "";""Buurt   "";""BU0363ED03"";""39.1"""
"189539;""20300"";""MBG0095"";""BU0363ED03"";""2024JJ00"";""Amsterdam                               "";""Buurt   "";""BU0363ED03"";""27"""
"189542;""20300"";""MBG0095"";""BU0363ED04"";""2020JJ00"";""Amsterdam                               "";""Buurt   "";""BU0363ED04"";""32.8"""
"189543;""20300"";""MBG0095"";""BU0363ED04"";""2022JJ00"";""Amsterdam                               "";""Buurt   "";""BU0363ED04"";""43.5"""
"189544;""20300"";""MBG0095"";""BU0363ED04"";""2024JJ00"";""Amsterdam                               "";""Buurt   "";""BU0363ED04"";""31.8"""
"189547;""20300"";""MBG0095"";""WK0363EE  "";""2020JJ00"";""Amsterdam                               "";""Wijk    "";""WK0363EE  "";""31.2"""
"189548;""20300"";""MBG0095"";""WK0363EE  "";""2022JJ00"";""Amsterdam                               "";""Wijk    "";""WK0363EE  "";""37"""
"189549;""20300"";""MBG0095"";""WK0363EE  "";""2024JJ00"";""Amsterdam                               "";""Wijk    "";""WK0363EE  "";""27.5"""
"189552;""20300"";""MBG0095"";""BU0363EE01"";""2020JJ00"";""Amsterdam                               "";""Buurt   "";""BU0363EE01"";""38"""
"189553;""20300"";""MBG0095"";""BU0363EE01"";""2022JJ00"";""Amsterdam                               "";""Buurt   "";""BU0363EE01"";""41.9"""
"189554;""20300"";""MBG0095"";""BU0363EE01"";""2024JJ00"";""Amsterdam                               "";""Buurt   "";""BU0363EE01"";""31.1"""
"189557;""20300"";""MBG0095"";""BU0363EE02"";""2020JJ00"";""Amsterdam                               "";""Buurt   "";""BU0363EE02"";""32"""
"189558;""20300"";""MBG0095"";""BU0363EE02"";""2022JJ00"";""Amsterdam                               "";""Buurt   "";""BU0363EE02"";""40.8"""
"189559;""20300"";""MBG0095"";""BU0363EE02"";""2024JJ00"";""Amsterdam                               "";""Buurt   "";""BU0363EE02"";""29.9"""
"189562;""20300"";""MBG0095"";""BU0363EE03"";""2020JJ00"";""Amsterdam                               "";""Buurt   "";""BU0363EE03"";""24.1"""
"189563;""20300"";""MBG0095"";""BU0363EE03"";""2022JJ00"";""Amsterdam                               "";""Buurt   "";""BU0363EE03"";""27.5"""
"189564;""20300"";""MBG0095"";""BU0363EE03"";""2024JJ00"";""Amsterdam                               "";""Buurt   "";""BU0363EE03"";""23.5"""
"189567;""20300"";""MBG0095"";""BU0363EE04"";""2020JJ00"";""Amsterdam                               "";""Buurt   "";""BU0363EE04"";""31.8"""
"189568;""20300"";""MBG0095"";""BU0363EE04"";""2022JJ00"";""Amsterdam                               "";""Buurt   "";""BU0363EE04"";""39.8"""
"189569;""20300"";""MBG0095"";""BU0363EE04"";""2024JJ00"";""Amsterdam                               "";""Buurt   "";""BU0363EE04"";""30"""
"189572;""20300"";""MBG0095"";""BU0363EE05"";""2020JJ00"";""Amsterdam                               "";""Buurt   "";""BU0363EE05"";""27.4"""
"189573;""20300"";""MBG0095"";""BU0363EE05"";""2022JJ00"";""Amsterdam                               "";""Buurt   "";""BU0363EE05"";""32.9"""
"189574;""20300"";""MBG0095"";""BU0363EE05"";""2024JJ00"";""Amsterdam                               "";""Buurt   "";""BU0363EE05"";""25.2"""
"189577;""20300"";""MBG0095"";""BU0363EE06"";""2020JJ00"";""Amsterdam                               "";""Buurt   "";""BU0363EE06"";""27.3"""
"189578;""20300"";""MBG0095"";""BU0363EE06"";""2022JJ00"";""Amsterdam                               "";""Buurt   "";""BU0363EE06"";""33.7"""
"189579;""20300"";""MBG0095"";""BU0363EE06"";""2024JJ00"";""Amsterdam                               "";""Buurt   "";""BU0363EE06"";""25.5"""
"189582;""20300"";""MBG0095"";""WK0363EF  "";""2020JJ00"";""Amsterdam                               "";""Wijk    "";""WK0363EF  "";""24"""
"189583;""20300"";""MBG0095"";""WK0363EF  "";""2022JJ00"";""Amsterdam                               "";""Wijk    "";""WK0363EF  "";""29.6"""
"189584;""20300"";""MBG0095"";""WK0363EF  "";""2024JJ00"";""Amsterdam                               "";""Wijk    "";""WK0363EF  "";""24"""
"189587;""20300"";""MBG0095"";""BU0363EF01"";""2020JJ00"";""Amsterdam                               "";""Buurt   "";""BU0363EF01"";""27.4"""
"189588;""20300"";""MBG0095"";""BU0363EF01"";""2022JJ00"";""Amsterdam                               "";""Buurt   "";""BU0363EF01"";""35.8"""
"189589;""20300"";""MBG0095"";""BU0363EF01"";""2024JJ00"";""Amsterdam                               "";""Buurt   "";""BU0363EF01"";""29.3"""
"189592;""20300"";""MBG0095"";""BU0363EF02"";""2020JJ00"";""Amsterdam                               "";""Buurt   "";""BU0363EF02"";""23"""
"189593;""20300"";""MBG0095"";""BU0363EF02"";""2022JJ00"";""Amsterdam                               "";""Buurt   "";""BU0363EF02"";""27.9"""
"189594;""20300"";""MBG0095"";""BU0363EF02"";""2024JJ00"";""Amsterdam                               "";""Buurt   "";""BU0363EF02"";""22.3"""
"189597;""20300"";""MBG0095"";""WK0363EG  "";""2020JJ00"";""Amsterdam                               "";""Wijk    "";""WK0363EG  "";""23.8"""
"189598;""20300"";""MBG0095"";""WK0363EG  "";""2022JJ00"";""Amsterdam                               "";""Wijk    "";""WK0363EG  "";""30.2"""
"189599;""20300"";""MBG0095"";""WK0363EG  "";""2024JJ00"";""Amsterdam                               "";""Wijk    "";""WK0363EG  "";""20.7"""
"189602;""20300"";""MBG0095"";""BU0363EG01"";""2020JJ00"";""Amsterdam                               "";""Buurt   "";""BU0363EG01"";"
"189603;""20300"";""MBG0095"";""BU0363EG01"";""2022JJ00"";""Amsterdam                               "";""Buurt   "";""BU0363EG01"";"
"189604;""20300"";""MBG0095"";""BU0363EG01"";""2024JJ00"";""Amsterdam                               "";""Buurt   "";""BU0363EG01"";"
"189607;""20300"";""MBG0095"";""BU0363EG02"";""2020JJ00"";""Amsterdam                               "";""Buurt   "";""BU0363EG02"";""24"""
"189608;""20300"";""MBG0095"";""BU0363EG02"";""2022JJ00"";""Amsterdam                               "";""Buurt   "";""BU0363EG02"";""28.9"""
"189609;""20300"";""MBG0095"";""BU0363EG02"";""2024JJ00"";""Amsterdam                               "";""Buurt   "";""BU0363EG02"";""20.4"""
"189612;""20300"";""MBG0095"";""BU0363EG03"";""2020JJ00"";""Amsterdam                               "";""Buurt   "";""BU0363EG03"";"
"189613;""20300"";""MBG0095"";""BU0363EG03"";""2022JJ00"";""Amsterdam                               "";""Buurt   "";""BU0363EG03"";"
"189614;""20300"";""MBG0095"";""BU0363EG03"";""2024JJ00"";""Amsterdam                               "";""Buurt   "";""BU0363EG03"";"
"189617;""20300"";""MBG0095"";""BU0363EG04"";""2020JJ00"";""Amsterdam                               "";""Buurt   "";""BU0363EG04"";""25.4"""
"189618;""20300"";""MBG0095"";""BU0363EG04"";""2022JJ00"";""Amsterdam                               "";""Buurt   "";""BU0363EG04"";""32.4"""
"189619;""20300"";""MBG0095"";""BU0363EG04"";""2024JJ00"";""Amsterdam                               "";""Buurt   "";""BU0363EG04"";""23.2"""
"189622;""20300"";""MBG0095"";""WK0363EH  "";""2020JJ00"";""Amsterdam                               "";""Wijk    "";""WK0363EH  "";""26.4"""
"189623;""20300"";""MBG0095"";""WK0363EH  "";""2022JJ00"";""Amsterdam                               "";""Wijk    "";""WK0363EH  "";""32.1"""
"189624;""20300"";""MBG0095"";""WK0363EH  "";""2024JJ00"";""Amsterdam                               "";""Wijk    "";""WK0363EH  "";""25.7"""
"189627;""20300"";""MBG0095"";""BU0363EH01"";""2020JJ00"";""Amsterdam                               "";""Buurt   "";""BU0363EH01"";""27.8"""
"189628;""20300"";""MBG0095"";""BU0363EH01"";""2022JJ00"";""Amsterdam                               "";""Buurt   "";""BU0363EH01"";""34.3"""
"189629;""20300"";""MBG0095"";""BU0363EH01"";""2024JJ00"";""Amsterdam                               "";""Buurt   "";""BU0363EH01"";""28.1"""
"189632;""20300"";""MBG0095"";""BU0363EH02"";""2020JJ00"";""Amsterdam                               "";""Buurt   "";""BU0363EH02"";""29.3"""
"189633;""20300"";""MBG0095"";""BU0363EH02"";""2022JJ00"";""Amsterdam                               "";""Buurt   "";""BU0363EH02"";""34"""
"189634;""20300"";""MBG0095"";""BU0363EH02"";""2024JJ00"";""Amsterdam                               "";""Buurt   "";""BU0363EH02"";""29.7"""
"189637;""20300"";""MBG0095"";""BU0363EH03"";""2020JJ00"";""Amsterdam                               "";""Buurt   "";""BU0363EH03"";""28.6"""
"189638;""20300"";""MBG0095"";""BU0363EH03"";""2022JJ00"";""Amsterdam                               "";""Buurt   "";""BU0363EH03"";""36.9"""
"189639;""20300"";""MBG0095"";""BU0363EH03"";""2024JJ00"";""Amsterdam                               "";""Buurt   "";""BU0363EH03"";""27"""
"189642;""20300"";""MBG0095"";""BU0363EH04"";""2020JJ00"";""Amsterdam                               "";""Buurt   "";""BU0363EH04"";""27.4"""
"189643;""20300"";""MBG0095"";""BU0363EH04"";""2022JJ00"";""Amsterdam                               "";""Buurt   "";""BU0363EH04"";""33.7"""
"189644;""20300"";""MBG0095"";""BU0363EH04"";""2024JJ00"";""Amsterdam                               "";""Buurt   "";""BU0363EH04"";""27.9"""
"189647;""20300"";""MBG0095"";""BU0363EH05"";""2020JJ00"";""Amsterdam                               "";""Buurt   "";""BU0363EH05"";""29.6"""
"189648;""20300"";""MBG0095"";""BU0363EH05"";""2022JJ00"";""Amsterdam                               "";""Buurt   "";""BU0363EH05"";""36.1"""
"189649;""20300"";""MBG0095"";""BU0363EH05"";""2024JJ00"";""Amsterdam                               "";""Buurt   "";""BU0363EH05"";""28.4"""
"189652;""20300"";""MBG0095"";""BU0363EH06"";""2020JJ00"";""Amsterdam                               "";""Buurt   "";""BU0363EH06"";""22.7"""
"189653;""20300"";""MBG0095"";""BU0363EH06"";""2022JJ00"";""Amsterdam                               "";""Buurt   "";""BU0363EH06"";""29.5"""
"189654;""20300"";""MBG0095"";""BU0363EH06"";""2024JJ00"";""Amsterdam                               "";""Buurt   "";""BU0363EH06"";""23.6"""
"189657;""20300"";""MBG0095"";""WK0363EJ  "";""2020JJ00"";""Amsterdam                               "";""Wijk    "";""WK0363EJ  "";""25.7"""
"189658;""20300"";""MBG0095"";""WK0363EJ  "";""2022JJ00"";""Amsterdam                               "";""Wijk    "";""WK0363EJ  "";""30.1"""
"189659;""20300"";""MBG0095"";""WK0363EJ  "";""2024JJ00"";""Amsterdam                               "";""Wijk    "";""WK0363EJ  "";""25.9"""
"189662;""20300"";""MBG0095"";""BU0363EJ01"";""2020JJ00"";""Amsterdam                               "";""Buurt   "";""BU0363EJ01"";""25.9"""
"189663;""20300"";""MBG0095"";""BU0363EJ01"";""2022JJ00"";""Amsterdam                               "";""Buurt   "";""BU0363EJ01"";""30.7"""
"189664;""20300"";""MBG0095"";""BU0363EJ01"";""2024JJ00"";""Amsterdam                               "";""Buurt   "";""BU0363EJ01"";""27.5"""
"189667;""20300"";""MBG0095"";""BU0363EJ02"";""2020JJ00"";""Amsterdam                               "";""Buurt   "";""BU0363EJ02"";""23.1"""
"189668;""20300"";""MBG0095"";""BU0363EJ02"";""2022JJ00"";""Amsterdam                               "";""Buurt   "";""BU0363EJ02"";""27.5"""
"189669;""20300"";""MBG0095"";""BU0363EJ02"";""2024JJ00"";""Amsterdam                               "";""Buurt   "";""BU0363EJ02"";""22.5"""
"189672;""20300"";""MBG0095"";""BU0363EJ03"";""2020JJ00"";""Amsterdam                               "";""Buurt   "";""BU0363EJ03"";""27.9"""
"189673;""20300"";""MBG0095"";""BU0363EJ03"";""2022JJ00"";""Amsterdam                               "";""Buurt   "";""BU0363EJ03"";""32.6"""
"189674;""20300"";""MBG0095"";""BU0363EJ03"";""2024JJ00"";""Amsterdam                               "";""Buurt   "";""BU0363EJ03"";""27.4"""
"189677;""20300"";""MBG0095"";""WK0363EK  "";""2020JJ00"";""Amsterdam                               "";""Wijk    "";""WK0363EK  "";""31.9"""
"189678;""20300"";""MBG0095"";""WK0363EK  "";""2022JJ00"";""Amsterdam                               "";""Wijk    "";""WK0363EK  "";""39.3"""
"189679;""20300"";""MBG0095"";""WK0363EK  "";""2024JJ00"";""Amsterdam                               "";""Wijk    "";""WK0363EK  "";""30.5"""
"189682;""20300"";""MBG0095"";""BU0363EK01"";""2020JJ00"";""Amsterdam                               "";""Buurt   "";""BU0363EK01"";"
"189683;""20300"";""MBG0095"";""BU0363EK01"";""2022JJ00"";""Amsterdam                               "";""Buurt   "";""BU0363EK01"";"
"189684;""20300"";""MBG0095"";""BU0363EK01"";""2024JJ00"";""Amsterdam                               "";""Buurt   "";""BU0363EK01"";"
"189687;""20300"";""MBG0095"";""BU0363EK02"";""2020JJ00"";""Amsterdam                               "";""Buurt   "";""BU0363EK02"";""30.1"""
"189688;""20300"";""MBG0095"";""BU0363EK02"";""2022JJ00"";""Amsterdam                               "";""Buurt   "";""BU0363EK02"";""37.2"""
"189689;""20300"";""MBG0095"";""BU0363EK02"";""2024JJ00"";""Amsterdam                               "";""Buurt   "";""BU0363EK02"";""30.6"""
"189692;""20300"";""MBG0095"";""BU0363EK03"";""2020JJ00"";""Amsterdam                               "";""Buurt   "";""BU0363EK03"";""35.6"""
"189693;""20300"";""MBG0095"";""BU0363EK03"";""2022JJ00"";""Amsterdam                               "";""Buurt   "";""BU0363EK03"";""42.8"""
"189694;""20300"";""MBG0095"";""BU0363EK03"";""2024JJ00"";""Amsterdam                               "";""Buurt   "";""BU0363EK03"";""31.8"""
"189697;""20300"";""MBG0095"";""BU0363EK04"";""2020JJ00"";""Amsterdam                               "";""Buurt   "";""BU0363EK04"";""30.6"""
"189698;""20300"";""MBG0095"";""BU0363EK04"";""2022JJ00"";""Amsterdam                               "";""Buurt   "";""BU0363EK04"";""39.4"""
"189699;""20300"";""MBG0095"";""BU0363EK04"";""2024JJ00"";""Amsterdam                               "";""Buurt   "";""BU0363EK04"";""30.7"""
"189702;""20300"";""MBG0095"";""WK0363EL  "";""2020JJ00"";""Amsterdam                               "";""Wijk    "";""WK0363EL  "";""24.3"""
"189703;""20300"";""MBG0095"";""WK0363EL  "";""2022JJ00"";""Amsterdam                               "";""Wijk    "";""WK0363EL  "";""30.9"""
"189704;""20300"";""MBG0095"";""WK0363EL  "";""2024JJ00"";""Amsterdam                               "";""Wijk    "";""WK0363EL  "";""24.7"""
"189707;""20300"";""MBG0095"";""BU0363EL01"";""2020JJ00"";""Amsterdam                               "";""Buurt   "";""BU0363EL01"";""29"""
"189708;""20300"";""MBG0095"";""BU0363EL01"";""2022JJ00"";""Amsterdam                               "";""Buurt   "";""BU0363EL01"";""38.2"""
"189709;""20300"";""MBG0095"";""BU0363EL01"";""2024JJ00"";""Amsterdam                               "";""Buurt   "";""BU0363EL01"";""30.2"""
"189712;""20300"";""MBG0095"";""BU0363EL02"";""2020JJ00"";""Amsterdam                               "";""Buurt   "";""BU0363EL02"";""25.3"""
"189713;""20300"";""MBG0095"";""BU0363EL02"";""2022JJ00"";""Amsterdam                               "";""Buurt   "";""BU0363EL02"";""29.9"""
"189714;""20300"";""MBG0095"";""BU0363EL02"";""2024JJ00"";""Amsterdam                               "";""Buurt   "";""BU0363EL02"";""24.5"""
"189717;""20300"";""MBG0095"";""BU0363EL03"";""2020JJ00"";""Amsterdam                               "";""Buurt   "";""BU0363EL03"";""20.5"""
"189718;""20300"";""MBG0095"";""BU0363EL03"";""2022JJ00"";""Amsterdam                               "";""Buurt   "";""BU0363EL03"";""29.4"""
"189719;""20300"";""MBG0095"";""BU0363EL03"";""2024JJ00"";""Amsterdam                               "";""Buurt   "";""BU0363EL03"";""22.8"""
"189722;""20300"";""MBG0095"";""WK0363EM  "";""2020JJ00"";""Amsterdam                               "";""Wijk    "";""WK0363EM  "";""28.5"""
"189723;""20300"";""MBG0095"";""WK0363EM  "";""2022JJ00"";""Amsterdam                               "";""Wijk    "";""WK0363EM  "";""37.7"""
"189724;""20300"";""MBG0095"";""WK0363EM  "";""2024JJ00"";""Amsterdam                               "";""Wijk    "";""WK0363EM  "";""28.6"""
"189727;""20300"";""MBG0095"";""BU0363EM01"";""2020JJ00"";""Amsterdam                               "";""Buurt   "";""BU0363EM01"";""26.9"""
"189728;""20300"";""MBG0095"";""BU0363EM01"";""2022JJ00"";""Amsterdam                               "";""Buurt   "";""BU0363EM01"";""34.8"""
"189729;""20300"";""MBG0095"";""BU0363EM01"";""2024JJ00"";""Amsterdam                               "";""Buurt   "";""BU0363EM01"";""27"""
"189732;""20300"";""MBG0095"";""BU0363EM02"";""2020JJ00"";""Amsterdam                               "";""Buurt   "";""BU0363EM02"";""30.5"""
"189733;""20300"";""MBG0095"";""BU0363EM02"";""2022JJ00"";""Amsterdam                               "";""Buurt   "";""BU0363EM02"";""41.2"""
"189734;""20300"";""MBG0095"";""BU0363EM02"";""2024JJ00"";""Amsterdam                               "";""Buurt   "";""BU0363EM02"";""30.1"""
"189737;""20300"";""MBG0095"";""BU0363EM03"";""2020JJ00"";""Amsterdam                               "";""Buurt   "";""BU0363EM03"";""26.4"""
"189738;""20300"";""MBG0095"";""BU0363EM03"";""2022JJ00"";""Amsterdam                               "";""Buurt   "";""BU0363EM03"";""32.9"""
"189739;""20300"";""MBG0095"";""BU0363EM03"";""2024JJ00"";""Amsterdam                               "";""Buurt   "";""BU0363EM03"";""27"""
"189742;""20300"";""MBG0095"";""BU0363EM04"";""2020JJ00"";""Amsterdam                               "";""Buurt   "";""BU0363EM04"";""31.6"""
"189743;""20300"";""MBG0095"";""BU0363EM04"";""2022JJ00"";""Amsterdam                               "";""Buurt   "";""BU0363EM04"";""42.1"""
"189744;""20300"";""MBG0095"";""BU0363EM04"";""2024JJ00"";""Amsterdam                               "";""Buurt   "";""BU0363EM04"";""31.5"""
"189747;""20300"";""MBG0095"";""WK0363EN  "";""2020JJ00"";""Amsterdam                               "";""Wijk    "";""WK0363EN  "";""28.3"""
"189748;""20300"";""MBG0095"";""WK0363EN  "";""2022JJ00"";""Amsterdam                               "";""Wijk    "";""WK0363EN  "";""36.4"""
"189749;""20300"";""MBG0095"";""WK0363EN  "";""2024JJ00"";""Amsterdam                               "";""Wijk    "";""WK0363EN  "";""28"""
"189752;""20300"";""MBG0095"";""BU0363EN01"";""2020JJ00"";""Amsterdam                               "";""Buurt   "";""BU0363EN01"";""25.1"""
"189753;""20300"";""MBG0095"";""BU0363EN01"";""2022JJ00"";""Amsterdam                               "";""Buurt   "";""BU0363EN01"";""32.5"""
"189754;""20300"";""MBG0095"";""BU0363EN01"";""2024JJ00"";""Amsterdam                               "";""Buurt   "";""BU0363EN01"";""25.8"""
"189757;""20300"";""MBG0095"";""BU0363EN02"";""2020JJ00"";""Amsterdam                               "";""Buurt   "";""BU0363EN02"";""28.3"""
"189758;""20300"";""MBG0095"";""BU0363EN02"";""2022JJ00"";""Amsterdam                               "";""Buurt   "";""BU0363EN02"";""33.6"""
"189759;""20300"";""MBG0095"";""BU0363EN02"";""2024JJ00"";""Amsterdam                               "";""Buurt   "";""BU0363EN02"";""27"""
"189762;""20300"";""MBG0095"";""BU0363EN03"";""2020JJ00"";""Amsterdam                               "";""Buurt   "";""BU0363EN03"";""31.8"""
"189763;""20300"";""MBG0095"";""BU0363EN03"";""2022JJ00"";""Amsterdam                               "";""Buurt   "";""BU0363EN03"";""45.3"""
"189764;""20300"";""MBG0095"";""BU0363EN03"";""2024JJ00"";""Amsterdam                               "";""Buurt   "";""BU0363EN03"";""34.1"""
"189767;""20300"";""MBG0095"";""BU0363EN04"";""2020JJ00"";""Amsterdam                               "";""Buurt   "";""BU0363EN04"";""31.8"""
"189768;""20300"";""MBG0095"";""BU0363EN04"";""2022JJ00"";""Amsterdam                               "";""Buurt   "";""BU0363EN04"";""41.5"""
"189769;""20300"";""MBG0095"";""BU0363EN04"";""2024JJ00"";""Amsterdam                               "";""Buurt   "";""BU0363EN04"";""30.8"""
"189772;""20300"";""MBG0095"";""WK0363EP  "";""2020JJ00"";""Amsterdam                               "";""Wijk    "";""WK0363EP  "";""25.8"""
"189773;""20300"";""MBG0095"";""WK0363EP  "";""2022JJ00"";""Amsterdam                               "";""Wijk    "";""WK0363EP  "";""31.9"""
"189774;""20300"";""MBG0095"";""WK0363EP  "";""2024JJ00"";""Amsterdam                               "";""Wijk    "";""WK0363EP  "";""26.2"""
"189777;""20300"";""MBG0095"";""BU0363EP01"";""2020JJ00"";""Amsterdam                               "";""Buurt   "";""BU0363EP01"";""27.3"""
"189778;""20300"";""MBG0095"";""BU0363EP01"";""2022JJ00"";""Amsterdam                               "";""Buurt   "";""BU0363EP01"";""32.9"""
"189779;""20300"";""MBG0095"";""BU0363EP01"";""2024JJ00"";""Amsterdam                               "";""Buurt   "";""BU0363EP01"";""27.3"""
"189782;""20300"";""MBG0095"";""BU0363EP02"";""2020JJ00"";""Amsterdam                               "";""Buurt   "";""BU0363EP02"";""25.9"""
"189783;""20300"";""MBG0095"";""BU0363EP02"";""2022JJ00"";""Amsterdam                               "";""Buurt   "";""BU0363EP02"";""31.7"""
"189784;""20300"";""MBG0095"";""BU0363EP02"";""2024JJ00"";""Amsterdam                               "";""Buurt   "";""BU0363EP02"";""26.6"""
"189787;""20300"";""MBG0095"";""WK0363EQ  "";""2020JJ00"";""Amsterdam                               "";""Wijk    "";""WK0363EQ  "";""25.9"""
"189788;""20300"";""MBG0095"";""WK0363EQ  "";""2022JJ00"";""Amsterdam                               "";""Wijk    "";""WK0363EQ  "";""30.8"""
"189789;""20300"";""MBG0095"";""WK0363EQ  "";""2024JJ00"";""Amsterdam                               "";""Wijk    "";""WK0363EQ  "";""23.7"""
"189792;""20300"";""MBG0095"";""BU0363EQ01"";""2020JJ00"";""Amsterdam                               "";""Buurt   "";""BU0363EQ01"";""25.9"""
"189793;""20300"";""MBG0095"";""BU0363EQ01"";""2022JJ00"";""Amsterdam                               "";""Buurt   "";""BU0363EQ01"";""30.8"""
"189794;""20300"";""MBG0095"";""BU0363EQ01"";""2024JJ00"";""Amsterdam                               "";""Buurt   "";""BU0363EQ01"";""23.7"""
"189797;""20300"";""MBG0095"";""WK0363ER  "";""2020JJ00"";""Amsterdam                               "";""Wijk    "";""WK0363ER  "";""23"""
"189798;""20300"";""MBG0095"";""WK0363ER  "";""2022JJ00"";""Amsterdam                               "";""Wijk    "";""WK0363ER  "";""29.4"""
"189799;""20300"";""MBG0095"";""WK0363ER  "";""2024JJ00"";""Amsterdam                               "";""Wijk    "";""WK0363ER  "";""24.3"""
"189802;""20300"";""MBG0095"";""BU0363ER01"";""2020JJ00"";""Amsterdam                               "";""Buurt   "";""BU0363ER01"";""23.9"""
"189803;""20300"";""MBG0095"";""BU0363ER01"";""2022JJ00"";""Amsterdam                               "";""Buurt   "";""BU0363ER01"";""30.6"""
"189804;""20300"";""MBG0095"";""BU0363ER01"";""2024JJ00"";""Amsterdam                               "";""Buurt   "";""BU0363ER01"";""25.4"""
"189807;""20300"";""MBG0095"";""BU0363ER02"";""2020JJ00"";""Amsterdam                               "";""Buurt   "";""BU0363ER02"";""23"""
"189808;""20300"";""MBG0095"";""BU0363ER02"";""2022JJ00"";""Amsterdam                               "";""Buurt   "";""BU0363ER02"";""29.1"""
"189809;""20300"";""MBG0095"";""BU0363ER02"";""2024JJ00"";""Amsterdam                               "";""Buurt   "";""BU0363ER02"";""24.1"""
"189812;""20300"";""MBG0095"";""WK0363ES  "";""2020JJ00"";""Amsterdam                               "";""Wijk    "";""WK0363ES  "";""28.8"""
"189813;""20300"";""MBG0095"";""WK0363ES  "";""2022JJ00"";""Amsterdam                               "";""Wijk    "";""WK0363ES  "";""36.1"""
"189814;""20300"";""MBG0095"";""WK0363ES  "";""2024JJ00"";""Amsterdam                               "";""Wijk    "";""WK0363ES  "";""27.2"""
"189817;""20300"";""MBG0095"";""BU0363ES01"";""2020JJ00"";""Amsterdam                               "";""Buurt   "";""BU0363ES01"";""29.7"""
"189818;""20300"";""MBG0095"";""BU0363ES01"";""2022JJ00"";""Amsterdam                               "";""Buurt   "";""BU0363ES01"";""37.1"""
"189819;""20300"";""MBG0095"";""BU0363ES01"";""2024JJ00"";""Amsterdam                               "";""Buurt   "";""BU0363ES01"";""30.4"""
"189822;""20300"";""MBG0095"";""BU0363ES02"";""2020JJ00"";""Amsterdam                               "";""Buurt   "";""BU0363ES02"";""31.4"""
"189823;""20300"";""MBG0095"";""BU0363ES02"";""2022JJ00"";""Amsterdam                               "";""Buurt   "";""BU0363ES02"";""39.8"""
"189824;""20300"";""MBG0095"";""BU0363ES02"";""2024JJ00"";""Amsterdam                               "";""Buurt   "";""BU0363ES02"";""28.2"""
"189827;""20300"";""MBG0095"";""BU0363ES03"";""2020JJ00"";""Amsterdam                               "";""Buurt   "";""BU0363ES03"";""27.3"""
"189828;""20300"";""MBG0095"";""BU0363ES03"";""2022JJ00"";""Amsterdam                               "";""Buurt   "";""BU0363ES03"";""32.2"""
"189829;""20300"";""MBG0095"";""BU0363ES03"";""2024JJ00"";""Amsterdam                               "";""Buurt   "";""BU0363ES03"";""26.6"""
"189832;""20300"";""MBG0095"";""WK0363ET  "";""2020JJ00"";""Amsterdam                               "";""Wijk    "";""WK0363ET  "";""22.1"""
"189833;""20300"";""MBG0095"";""WK0363ET  "";""2022JJ00"";""Amsterdam                               "";""Wijk    "";""WK0363ET  "";""27.1"""
"189834;""20300"";""MBG0095"";""WK0363ET  "";""2024JJ00"";""Amsterdam                               "";""Wijk    "";""WK0363ET  "";""24.3"""
"189837;""20300"";""MBG0095"";""BU0363ET01"";""2020JJ00"";""Amsterdam                               "";""Buurt   "";""BU0363ET01"";""23.1"""
"189838;""20300"";""MBG0095"";""BU0363ET01"";""2022JJ00"";""Amsterdam                               "";""Buurt   "";""BU0363ET01"";""28.2"""
"189839;""20300"";""MBG0095"";""BU0363ET01"";""2024JJ00"";""Amsterdam                               "";""Buurt   "";""BU0363ET01"";""25.6"""
"189842;""20300"";""MBG0095"";""BU0363ET02"";""2020JJ00"";""Amsterdam                               "";""Buurt   "";""BU0363ET02"";""20.2"""
"189843;""20300"";""MBG0095"";""BU0363ET02"";""2022JJ00"";""Amsterdam                               "";""Buurt   "";""BU0363ET02"";""25.6"""
"189844;""20300"";""MBG0095"";""BU0363ET02"";""2024JJ00"";""Amsterdam                               "";""Buurt   "";""BU0363ET02"";""22.4"""
"189847;""20300"";""MBG0095"";""WK0363EU  "";""2020JJ00"";""Amsterdam                               "";""Wijk    "";""WK0363EU  "";""22.1"""
"189848;""20300"";""MBG0095"";""WK0363EU  "";""2022JJ00"";""Amsterdam                               "";""Wijk    "";""WK0363EU  "";""26.5"""
"189849;""20300"";""MBG0095"";""WK0363EU  "";""2024JJ00"";""Amsterdam                               "";""Wijk    "";""WK0363EU  "";""22.9"""
"189852;""20300"";""MBG0095"";""BU0363EU01"";""2020JJ00"";""Amsterdam                               "";""Buurt   "";""BU0363EU01"";""23"""
"189853;""20300"";""MBG0095"";""BU0363EU01"";""2022JJ00"";""Amsterdam                               "";""Buurt   "";""BU0363EU01"";""26.9"""
"189854;""20300"";""MBG0095"";""BU0363EU01"";""2024JJ00"";""Amsterdam                               "";""Buurt   "";""BU0363EU01"";""24"""
"189857;""20300"";""MBG0095"";""BU0363EU02"";""2020JJ00"";""Amsterdam                               "";""Buurt   "";""BU0363EU02"";""24.5"""
"189858;""20300"";""MBG0095"";""BU0363EU02"";""2022JJ00"";""Amsterdam                               "";""Buurt   "";""BU0363EU02"";""28.6"""
"189859;""20300"";""MBG0095"";""BU0363EU02"";""2024JJ00"";""Amsterdam                               "";""Buurt   "";""BU0363EU02"";""23.8"""
"189862;""20300"";""MBG0095"";""BU0363EU03"";""2020JJ00"";""Amsterdam                               "";""Buurt   "";""BU0363EU03"";""20.5"""
"189863;""20300"";""MBG0095"";""BU0363EU03"";""2022JJ00"";""Amsterdam                               "";""Buurt   "";""BU0363EU03"";""26.7"""
"189864;""20300"";""MBG0095"";""BU0363EU03"";""2024JJ00"";""Amsterdam                               "";""Buurt   "";""BU0363EU03"";""22.6"""
"189867;""20300"";""MBG0095"";""WK0363EV  "";""2020JJ00"";""Amsterdam                               "";""Wijk    "";""WK0363EV  "";""21.2"""
"189868;""20300"";""MBG0095"";""WK0363EV  "";""2022JJ00"";""Amsterdam                               "";""Wijk    "";""WK0363EV  "";""28"""
"189869;""20300"";""MBG0095"";""WK0363EV  "";""2024JJ00"";""Amsterdam                               "";""Wijk    "";""WK0363EV  "";""24.2"""
"189872;""20300"";""MBG0095"";""BU0363EV01"";""2020JJ00"";""Amsterdam                               "";""Buurt   "";""BU0363EV01"";""24.2"""
"189873;""20300"";""MBG0095"";""BU0363EV01"";""2022JJ00"";""Amsterdam                               "";""Buurt   "";""BU0363EV01"";""29.3"""
"189874;""20300"";""MBG0095"";""BU0363EV01"";""2024JJ00"";""Amsterdam                               "";""Buurt   "";""BU0363EV01"";""26.4"""
"189877;""20300"";""MBG0095"";""BU0363EV02"";""2020JJ00"";""Amsterdam                               "";""Buurt   "";""BU0363EV02"";""20"""
"189878;""20300"";""MBG0095"";""BU0363EV02"";""2022JJ00"";""Amsterdam                               "";""Buurt   "";""BU0363EV02"";""28.8"""
"189879;""20300"";""MBG0095"";""BU0363EV02"";""2024JJ00"";""Amsterdam                               "";""Buurt   "";""BU0363EV02"";""23.9"""
"189882;""20300"";""MBG0095"";""WK0363FA  "";""2020JJ00"";""Amsterdam                               "";""Wijk    "";""WK0363FA  "";""40.1"""
"189883;""20300"";""MBG0095"";""WK0363FA  "";""2022JJ00"";""Amsterdam                               "";""Wijk    "";""WK0363FA  "";""54"""
"189884;""20300"";""MBG0095"";""WK0363FA  "";""2024JJ00"";""Amsterdam                               "";""Wijk    "";""WK0363FA  "";""30.1"""
"189887;""20300"";""MBG0095"";""BU0363FA01"";""2020JJ00"";""Amsterdam                               "";""Buurt   "";""BU0363FA01"";"
"189888;""20300"";""MBG0095"";""BU0363FA01"";""2022JJ00"";""Amsterdam                               "";""Buurt   "";""BU0363FA01"";"
"189889;""20300"";""MBG0095"";""BU0363FA01"";""2024JJ00"";""Amsterdam                               "";""Buurt   "";""BU0363FA01"";"
"189892;""20300"";""MBG0095"";""BU0363FA02"";""2020JJ00"";""Amsterdam                               "";""Buurt   "";""BU0363FA02"";"
"189893;""20300"";""MBG0095"";""BU0363FA02"";""2022JJ00"";""Amsterdam                               "";""Buurt   "";""BU0363FA02"";"
"189894;""20300"";""MBG0095"";""BU0363FA02"";""2024JJ00"";""Amsterdam                               "";""Buurt   "";""BU0363FA02"";"
"189897;""20300"";""MBG0095"";""BU0363FA03"";""2020JJ00"";""Amsterdam                               "";""Buurt   "";""BU0363FA03"";"
"189898;""20300"";""MBG0095"";""BU0363FA03"";""2022JJ00"";""Amsterdam                               "";""Buurt   "";""BU0363FA03"";"
"189899;""20300"";""MBG0095"";""BU0363FA03"";""2024JJ00"";""Amsterdam                               "";""Buurt   "";""BU0363FA03"";"
"189902;""20300"";""MBG0095"";""BU0363FA04"";""2020JJ00"";""Amsterdam                               "";""Buurt   "";""BU0363FA04"";"
"189903;""20300"";""MBG0095"";""BU0363FA04"";""2022JJ00"";""Amsterdam                               "";""Buurt   "";""BU0363FA04"";"
"189904;""20300"";""MBG0095"";""BU0363FA04"";""2024JJ00"";""Amsterdam                               "";""Buurt   "";""BU0363FA04"";"
"189907;""20300"";""MBG0095"";""BU0363FA05"";""2020JJ00"";""Amsterdam                               "";""Buurt   "";""BU0363FA05"";"
"189908;""20300"";""MBG0095"";""BU0363FA05"";""2022JJ00"";""Amsterdam                               "";""Buurt   "";""BU0363FA05"";"
"189909;""20300"";""MBG0095"";""BU0363FA05"";""2024JJ00"";""Amsterdam                               "";""Buurt   "";""BU0363FA05"";"
"189912;""20300"";""MBG0095"";""BU0363FA06"";""2020JJ00"";""Amsterdam                               "";""Buurt   "";""BU0363FA06"";"
"189913;""20300"";""MBG0095"";""BU0363FA06"";""2022JJ00"";""Amsterdam                               "";""Buurt   "";""BU0363FA06"";"
"189914;""20300"";""MBG0095"";""BU0363FA06"";""2024JJ00"";""Amsterdam                               "";""Buurt   "";""BU0363FA06"";"
"189917;""20300"";""MBG0095"";""BU0363FA07"";""2020JJ00"";""Amsterdam                               "";""Buurt   "";""BU0363FA07"";"
"189918;""20300"";""MBG0095"";""BU0363FA07"";""2022JJ00"";""Amsterdam                               "";""Buurt   "";""BU0363FA07"";"
"189919;""20300"";""MBG0095"";""BU0363FA07"";""2024JJ00"";""Amsterdam                               "";""Buurt   "";""BU0363FA07"";"
"189922;""20300"";""MBG0095"";""BU0363FA08"";""2020JJ00"";""Amsterdam                               "";""Buurt   "";""BU0363FA08"";""41.3"""
"189923;""20300"";""MBG0095"";""BU0363FA08"";""2022JJ00"";""Amsterdam                               "";""Buurt   "";""BU0363FA08"";""53.8"""
"189924;""20300"";""MBG0095"";""BU0363FA08"";""2024JJ00"";""Amsterdam                               "";""Buurt   "";""BU0363FA08"";""29.5"""
"189927;""20300"";""MBG0095"";""WK0363FB  "";""2020JJ00"";""Amsterdam                               "";""Wijk    "";""WK0363FB  "";""31.7"""
"189928;""20300"";""MBG0095"";""WK0363FB  "";""2022JJ00"";""Amsterdam                               "";""Wijk    "";""WK0363FB  "";""42.4"""
"189929;""20300"";""MBG0095"";""WK0363FB  "";""2024JJ00"";""Amsterdam                               "";""Wijk    "";""WK0363FB  "";""30"""
"189932;""20300"";""MBG0095"";""BU0363FB01"";""2020JJ00"";""Amsterdam                               "";""Buurt   "";""BU0363FB01"";"
"189933;""20300"";""MBG0095"";""BU0363FB01"";""2022JJ00"";""Amsterdam                               "";""Buurt   "";""BU0363FB01"";"
"189934;""20300"";""MBG0095"";""BU0363FB01"";""2024JJ00"";""Amsterdam                               "";""Buurt   "";""BU0363FB01"";"
"189937;""20300"";""MBG0095"";""BU0363FB02"";""2020JJ00"";""Amsterdam                               "";""Buurt   "";""BU0363FB02"";""22.9"""
"189938;""20300"";""MBG0095"";""BU0363FB02"";""2022JJ00"";""Amsterdam                               "";""Buurt   "";""BU0363FB02"";""29.3"""
"189939;""20300"";""MBG0095"";""BU0363FB02"";""2024JJ00"";""Amsterdam                               "";""Buurt   "";""BU0363FB02"";""20.9"""
"189942;""20300"";""MBG0095"";""BU0363FB03"";""2020JJ00"";""Amsterdam                               "";""Buurt   "";""BU0363FB03"";""35.1"""
"189943;""20300"";""MBG0095"";""BU0363FB03"";""2022JJ00"";""Amsterdam                               "";""Buurt   "";""BU0363FB03"";""47.2"""
"189944;""20300"";""MBG0095"";""BU0363FB03"";""2024JJ00"";""Amsterdam                               "";""Buurt   "";""BU0363FB03"";""33.6"""
"189947;""20300"";""MBG0095"";""BU0363FB04"";""2020JJ00"";""Amsterdam                               "";""Buurt   "";""BU0363FB04"";""32.3"""
"189948;""20300"";""MBG0095"";""BU0363FB04"";""2022JJ00"";""Amsterdam                               "";""Buurt   "";""BU0363FB04"";""42.5"""
"189949;""20300"";""MBG0095"";""BU0363FB04"";""2024JJ00"";""Amsterdam                               "";""Buurt   "";""BU0363FB04"";""34"""
"189952;""20300"";""MBG0095"";""BU0363FB05"";""2020JJ00"";""Amsterdam                               "";""Buurt   "";""BU0363FB05"";""28.4"""
"189953;""20300"";""MBG0095"";""BU0363FB05"";""2022JJ00"";""Amsterdam                               "";""Buurt   "";""BU0363FB05"";""36.1"""
"189954;""20300"";""MBG0095"";""BU0363FB05"";""2024JJ00"";""Amsterdam                               "";""Buurt   "";""BU0363FB05"";""26.5"""
"189957;""20300"";""MBG0095"";""BU0363FB06"";""2020JJ00"";""Amsterdam                               "";""Buurt   "";""BU0363FB06"";""38.1"""
"189958;""20300"";""MBG0095"";""BU0363FB06"";""2022JJ00"";""Amsterdam                               "";""Buurt   "";""BU0363FB06"";""48.6"""
"189959;""20300"";""MBG0095"";""BU0363FB06"";""2024JJ00"";""Amsterdam                               "";""Buurt   "";""BU0363FB06"";""35.5"""
"189962;""20300"";""MBG0095"";""BU0363FB07"";""2020JJ00"";""Amsterdam                               "";""Buurt   "";""BU0363FB07"";""34.2"""
"189963;""20300"";""MBG0095"";""BU0363FB07"";""2022JJ00"";""Amsterdam                               "";""Buurt   "";""BU0363FB07"";""46.8"""
"189964;""20300"";""MBG0095"";""BU0363FB07"";""2024JJ00"";""Amsterdam                               "";""Buurt   "";""BU0363FB07"";""33"""
"189967;""20300"";""MBG0095"";""BU0363FB08"";""2020JJ00"";""Amsterdam                               "";""Buurt   "";""BU0363FB08"";""33.4"""
"189968;""20300"";""MBG0095"";""BU0363FB08"";""2022JJ00"";""Amsterdam                               "";""Buurt   "";""BU0363FB08"";""47"""
"189969;""20300"";""MBG0095"";""BU0363FB08"";""2024JJ00"";""Amsterdam                               "";""Buurt   "";""BU0363FB08"";""34.5"""
"189972;""20300"";""MBG0095"";""WK0363FC  "";""2020JJ00"";""Amsterdam                               "";""Wijk    "";""WK0363FC  "";""34.5"""
"189973;""20300"";""MBG0095"";""WK0363FC  "";""2022JJ00"";""Amsterdam                               "";""Wijk    "";""WK0363FC  "";""47.3"""
"189974;""20300"";""MBG0095"";""WK0363FC  "";""2024JJ00"";""Amsterdam                               "";""Wijk    "";""WK0363FC  "";""34.3"""
"189977;""20300"";""MBG0095"";""BU0363FC01"";""2020JJ00"";""Amsterdam                               "";""Buurt   "";""BU0363FC01"";""32.5"""
"189978;""20300"";""MBG0095"";""BU0363FC01"";""2022JJ00"";""Amsterdam                               "";""Buurt   "";""BU0363FC01"";""41.8"""
"189979;""20300"";""MBG0095"";""BU0363FC01"";""2024JJ00"";""Amsterdam                               "";""Buurt   "";""BU0363FC01"";""31"""
"189982;""20300"";""MBG0095"";""BU0363FC02"";""2020JJ00"";""Amsterdam                               "";""Buurt   "";""BU0363FC02"";""39.2"""
"189983;""20300"";""MBG0095"";""BU0363FC02"";""2022JJ00"";""Amsterdam                               "";""Buurt   "";""BU0363FC02"";""54.1"""
"189984;""20300"";""MBG0095"";""BU0363FC02"";""2024JJ00"";""Amsterdam                               "";""Buurt   "";""BU0363FC02"";""38.6"""
"189987;""20300"";""MBG0095"";""BU0363FC03"";""2020JJ00"";""Amsterdam                               "";""Buurt   "";""BU0363FC03"";""34.8"""
"189988;""20300"";""MBG0095"";""BU0363FC03"";""2022JJ00"";""Amsterdam                               "";""Buurt   "";""BU0363FC03"";""48.9"""
"189989;""20300"";""MBG0095"";""BU0363FC03"";""2024JJ00"";""Amsterdam                               "";""Buurt   "";""BU0363FC03"";""35.3"""
"189992;""20300"";""MBG0095"";""WK0363FD  "";""2020JJ00"";""Amsterdam                               "";""Wijk    "";""WK0363FD  "";""33.6"""
"189993;""20300"";""MBG0095"";""WK0363FD  "";""2022JJ00"";""Amsterdam                               "";""Wijk    "";""WK0363FD  "";""44.7"""
"189994;""20300"";""MBG0095"";""WK0363FD  "";""2024JJ00"";""Amsterdam                               "";""Wijk    "";""WK0363FD  "";""32.4"""
"189997;""20300"";""MBG0095"";""BU0363FD01"";""2020JJ00"";""Amsterdam                               "";""Buurt   "";""BU0363FD01"";""37.2"""
"189998;""20300"";""MBG0095"";""BU0363FD01"";""2022JJ00"";""Amsterdam                               "";""Buurt   "";""BU0363FD01"";""49.5"""
"189999;""20300"";""MBG0095"";""BU0363FD01"";""2024JJ00"";""Amsterdam                               "";""Buurt   "";""BU0363FD01"";""37.7"""
"190002;""20300"";""MBG0095"";""BU0363FD02"";""2020JJ00"";""Amsterdam                               "";""Buurt   "";""BU0363FD02"";""21.4"""
"190003;""20300"";""MBG0095"";""BU0363FD02"";""2022JJ00"";""Amsterdam                               "";""Buurt   "";""BU0363FD02"";""25.9"""
"190004;""20300"";""MBG0095"";""BU0363FD02"";""2024JJ00"";""Amsterdam                               "";""Buurt   "";""BU0363FD02"";""19.7"""
"190007;""20300"";""MBG0095"";""BU0363FD03"";""2020JJ00"";""Amsterdam                               "";""Buurt   "";""BU0363FD03"";""36.7"""
"190008;""20300"";""MBG0095"";""BU0363FD03"";""2022JJ00"";""Amsterdam                               "";""Buurt   "";""BU0363FD03"";""49.7"""
"190009;""20300"";""MBG0095"";""BU0363FD03"";""2024JJ00"";""Amsterdam                               "";""Buurt   "";""BU0363FD03"";""35.9"""
"190012;""20300"";""MBG0095"";""BU0363FD04"";""2020JJ00"";""Amsterdam                               "";""Buurt   "";""BU0363FD04"";""37.9"""
"190013;""20300"";""MBG0095"";""BU0363FD04"";""2022JJ00"";""Amsterdam                               "";""Buurt   "";""BU0363FD04"";""49.1"""
"190014;""20300"";""MBG0095"";""BU0363FD04"";""2024JJ00"";""Amsterdam                               "";""Buurt   "";""BU0363FD04"";""36.2"""
"190017;""20300"";""MBG0095"";""WK0363FE  "";""2020JJ00"";""Amsterdam                               "";""Wijk    "";""WK0363FE  "";""29.9"""
"190018;""20300"";""MBG0095"";""WK0363FE  "";""2022JJ00"";""Amsterdam                               "";""Wijk    "";""WK0363FE  "";""41.1"""
"190019;""20300"";""MBG0095"";""WK0363FE  "";""2024JJ00"";""Amsterdam                               "";""Wijk    "";""WK0363FE  "";""30"""
"190022;""20300"";""MBG0095"";""BU0363FE01"";""2020JJ00"";""Amsterdam                               "";""Buurt   "";""BU0363FE01"";""36"""
"190023;""20300"";""MBG0095"";""BU0363FE01"";""2022JJ00"";""Amsterdam                               "";""Buurt   "";""BU0363FE01"";""48.3"""
"190024;""20300"";""MBG0095"";""BU0363FE01"";""2024JJ00"";""Amsterdam                               "";""Buurt   "";""BU0363FE01"";""37.3"""
"190027;""20300"";""MBG0095"";""BU0363FE02"";""2020JJ00"";""Amsterdam                               "";""Buurt   "";""BU0363FE02"";""36.4"""
"190028;""20300"";""MBG0095"";""BU0363FE02"";""2022JJ00"";""Amsterdam                               "";""Buurt   "";""BU0363FE02"";""52.3"""
"190029;""20300"";""MBG0095"";""BU0363FE02"";""2024JJ00"";""Amsterdam                               "";""Buurt   "";""BU0363FE02"";""38.1"""
"190032;""20300"";""MBG0095"";""BU0363FE03"";""2020JJ00"";""Amsterdam                               "";""Buurt   "";""BU0363FE03"";""25.9"""
"190033;""20300"";""MBG0095"";""BU0363FE03"";""2022JJ00"";""Amsterdam                               "";""Buurt   "";""BU0363FE03"";""32.5"""
"190034;""20300"";""MBG0095"";""BU0363FE03"";""2024JJ00"";""Amsterdam                               "";""Buurt   "";""BU0363FE03"";""24"""
"190037;""20300"";""MBG0095"";""BU0363FE04"";""2020JJ00"";""Amsterdam                               "";""Buurt   "";""BU0363FE04"";"
"190038;""20300"";""MBG0095"";""BU0363FE04"";""2022JJ00"";""Amsterdam                               "";""Buurt   "";""BU0363FE04"";"
"190039;""20300"";""MBG0095"";""BU0363FE04"";""2024JJ00"";""Amsterdam                               "";""Buurt   "";""BU0363FE04"";"
"190042;""20300"";""MBG0095"";""WK0363FF  "";""2020JJ00"";""Amsterdam                               "";""Wijk    "";""WK0363FF  "";""20"""
"190043;""20300"";""MBG0095"";""WK0363FF  "";""2022JJ00"";""Amsterdam                               "";""Wijk    "";""WK0363FF  "";""27.3"""
"190044;""20300"";""MBG0095"";""WK0363FF  "";""2024JJ00"";""Amsterdam                               "";""Wijk    "";""WK0363FF  "";""19.9"""
"190047;""20300"";""MBG0095"";""BU0363FF01"";""2020JJ00"";""Amsterdam                               "";""Buurt   "";""BU0363FF01"";""20"""
"190048;""20300"";""MBG0095"";""BU0363FF01"";""2022JJ00"";""Amsterdam                               "";""Buurt   "";""BU0363FF01"";""27.7"""
"190049;""20300"";""MBG0095"";""BU0363FF01"";""2024JJ00"";""Amsterdam                               "";""Buurt   "";""BU0363FF01"";""19.7"""
"190052;""20300"";""MBG0095"";""BU0363FF02"";""2020JJ00"";""Amsterdam                               "";""Buurt   "";""BU0363FF02"";"
"190053;""20300"";""MBG0095"";""BU0363FF02"";""2022JJ00"";""Amsterdam                               "";""Buurt   "";""BU0363FF02"";"
"190054;""20300"";""MBG0095"";""BU0363FF02"";""2024JJ00"";""Amsterdam                               "";""Buurt   "";""BU0363FF02"";"
"190057;""20300"";""MBG0095"";""BU0363FF03"";""2020JJ00"";""Amsterdam                               "";""Buurt   "";""BU0363FF03"";"
"190058;""20300"";""MBG0095"";""BU0363FF03"";""2022JJ00"";""Amsterdam                               "";""Buurt   "";""BU0363FF03"";"
"190059;""20300"";""MBG0095"";""BU0363FF03"";""2024JJ00"";""Amsterdam                               "";""Buurt   "";""BU0363FF03"";"
"190062;""20300"";""MBG0095"";""WK0363FG  "";""2020JJ00"";""Amsterdam                               "";""Wijk    "";""WK0363FG  "";""19.6"""
"190063;""20300"";""MBG0095"";""WK0363FG  "";""2022JJ00"";""Amsterdam                               "";""Wijk    "";""WK0363FG  "";""27.3"""
"190064;""20300"";""MBG0095"";""WK0363FG  "";""2024JJ00"";""Amsterdam                               "";""Wijk    "";""WK0363FG  "";""18.8"""
"190067;""20300"";""MBG0095"";""BU0363FG01"";""2020JJ00"";""Amsterdam                               "";""Buurt   "";""BU0363FG01"";""24.6"""
"190068;""20300"";""MBG0095"";""BU0363FG01"";""2022JJ00"";""Amsterdam                               "";""Buurt   "";""BU0363FG01"";""34.4"""
"190069;""20300"";""MBG0095"";""BU0363FG01"";""2024JJ00"";""Amsterdam                               "";""Buurt   "";""BU0363FG01"";""23.9"""
"190072;""20300"";""MBG0095"";""BU0363FG02"";""2020JJ00"";""Amsterdam                               "";""Buurt   "";""BU0363FG02"";""17.4"""
"190073;""20300"";""MBG0095"";""BU0363FG02"";""2022JJ00"";""Amsterdam                               "";""Buurt   "";""BU0363FG02"";""25.5"""
"190074;""20300"";""MBG0095"";""BU0363FG02"";""2024JJ00"";""Amsterdam                               "";""Buurt   "";""BU0363FG02"";""17.5"""
"190077;""20300"";""MBG0095"";""BU0363FG03"";""2020JJ00"";""Amsterdam                               "";""Buurt   "";""BU0363FG03"";""19.6"""
"190078;""20300"";""MBG0095"";""BU0363FG03"";""2022JJ00"";""Amsterdam                               "";""Buurt   "";""BU0363FG03"";""25.5"""
"190079;""20300"";""MBG0095"";""BU0363FG03"";""2024JJ00"";""Amsterdam                               "";""Buurt   "";""BU0363FG03"";""17.6"""
"190082;""20300"";""MBG0095"";""WK0363FH  "";""2020JJ00"";""Amsterdam                               "";""Wijk    "";""WK0363FH  "";""28.9"""
"190083;""20300"";""MBG0095"";""WK0363FH  "";""2022JJ00"";""Amsterdam                               "";""Wijk    "";""WK0363FH  "";""42.3"""
"190084;""20300"";""MBG0095"";""WK0363FH  "";""2024JJ00"";""Amsterdam                               "";""Wijk    "";""WK0363FH  "";""28.8"""
"190087;""20300"";""MBG0095"";""BU0363FH01"";""2020JJ00"";""Amsterdam                               "";""Buurt   "";""BU0363FH01"";"
"190088;""20300"";""MBG0095"";""BU0363FH01"";""2022JJ00"";""Amsterdam                               "";""Buurt   "";""BU0363FH01"";"
"190089;""20300"";""MBG0095"";""BU0363FH01"";""2024JJ00"";""Amsterdam                               "";""Buurt   "";""BU0363FH01"";"
"190092;""20300"";""MBG0095"";""BU0363FH02"";""2020JJ00"";""Amsterdam                               "";""Buurt   "";""BU0363FH02"";""28.9"""
"190093;""20300"";""MBG0095"";""BU0363FH02"";""2022JJ00"";""Amsterdam                               "";""Buurt   "";""BU0363FH02"";""42.3"""
"190094;""20300"";""MBG0095"";""BU0363FH02"";""2024JJ00"";""Amsterdam                               "";""Buurt   "";""BU0363FH02"";""28.8"""
"190097;""20300"";""MBG0095"";""WK0363FJ  "";""2020JJ00"";""Amsterdam                               "";""Wijk    "";""WK0363FJ  "";""31.9"""
"190098;""20300"";""MBG0095"";""WK0363FJ  "";""2022JJ00"";""Amsterdam                               "";""Wijk    "";""WK0363FJ  "";""42.9"""
"190099;""20300"";""MBG0095"";""WK0363FJ  "";""2024JJ00"";""Amsterdam                               "";""Wijk    "";""WK0363FJ  "";""31"""
"190102;""20300"";""MBG0095"";""BU0363FJ01"";""2020JJ00"";""Amsterdam                               "";""Buurt   "";""BU0363FJ01"";""36.1"""
"190103;""20300"";""MBG0095"";""BU0363FJ01"";""2022JJ00"";""Amsterdam                               "";""Buurt   "";""BU0363FJ01"";""52"""
"190104;""20300"";""MBG0095"";""BU0363FJ01"";""2024JJ00"";""Amsterdam                               "";""Buurt   "";""BU0363FJ01"";""36.4"""
"190107;""20300"";""MBG0095"";""BU0363FJ02"";""2020JJ00"";""Amsterdam                               "";""Buurt   "";""BU0363FJ02"";""32.5"""
"190108;""20300"";""MBG0095"";""BU0363FJ02"";""2022JJ00"";""Amsterdam                               "";""Buurt   "";""BU0363FJ02"";""45.7"""
"190109;""20300"";""MBG0095"";""BU0363FJ02"";""2024JJ00"";""Amsterdam                               "";""Buurt   "";""BU0363FJ02"";""34"""
"190112;""20300"";""MBG0095"";""BU0363FJ03"";""2020JJ00"";""Amsterdam                               "";""Buurt   "";""BU0363FJ03"";""33.1"""
"190113;""20300"";""MBG0095"";""BU0363FJ03"";""2022JJ00"";""Amsterdam                               "";""Buurt   "";""BU0363FJ03"";""44.9"""
"190114;""20300"";""MBG0095"";""BU0363FJ03"";""2024JJ00"";""Amsterdam                               "";""Buurt   "";""BU0363FJ03"";""33.6"""
"190117;""20300"";""MBG0095"";""BU0363FJ04"";""2020JJ00"";""Amsterdam                               "";""Buurt   "";""BU0363FJ04"";""30.6"""
"190118;""20300"";""MBG0095"";""BU0363FJ04"";""2022JJ00"";""Amsterdam                               "";""Buurt   "";""BU0363FJ04"";""39.8"""
"190119;""20300"";""MBG0095"";""BU0363FJ04"";""2024JJ00"";""Amsterdam                               "";""Buurt   "";""BU0363FJ04"";""28.3"""
"190122;""20300"";""MBG0095"";""WK0363FK  "";""2020JJ00"";""Amsterdam                               "";""Wijk    "";""WK0363FK  "";""28.2"""
"190123;""20300"";""MBG0095"";""WK0363FK  "";""2022JJ00"";""Amsterdam                               "";""Wijk    "";""WK0363FK  "";""38.8"""
"190124;""20300"";""MBG0095"";""WK0363FK  "";""2024JJ00"";""Amsterdam                               "";""Wijk    "";""WK0363FK  "";""28"""
"190127;""20300"";""MBG0095"";""BU0363FK01"";""2020JJ00"";""Amsterdam                               "";""Buurt   "";""BU0363FK01"";""36"""
"190128;""20300"";""MBG0095"";""BU0363FK01"";""2022JJ00"";""Amsterdam                               "";""Buurt   "";""BU0363FK01"";""49.6"""
"190129;""20300"";""MBG0095"";""BU0363FK01"";""2024JJ00"";""Amsterdam                               "";""Buurt   "";""BU0363FK01"";""35.1"""
"190132;""20300"";""MBG0095"";""BU0363FK02"";""2020JJ00"";""Amsterdam                               "";""Buurt   "";""BU0363FK02"";""22.7"""
"190133;""20300"";""MBG0095"";""BU0363FK02"";""2022JJ00"";""Amsterdam                               "";""Buurt   "";""BU0363FK02"";""30.4"""
"190134;""20300"";""MBG0095"";""BU0363FK02"";""2024JJ00"";""Amsterdam                               "";""Buurt   "";""BU0363FK02"";""22.4"""
"190137;""20300"";""MBG0095"";""BU0363FK03"";""2020JJ00"";""Amsterdam                               "";""Buurt   "";""BU0363FK03"";""31.4"""
"190138;""20300"";""MBG0095"";""BU0363FK03"";""2022JJ00"";""Amsterdam                               "";""Buurt   "";""BU0363FK03"";""43.4"""
"190139;""20300"";""MBG0095"";""BU0363FK03"";""2024JJ00"";""Amsterdam                               "";""Buurt   "";""BU0363FK03"";""28.9"""
"190142;""20300"";""MBG0095"";""BU0363FK04"";""2020JJ00"";""Amsterdam                               "";""Buurt   "";""BU0363FK04"";""28.3"""
"190143;""20300"";""MBG0095"";""BU0363FK04"";""2022JJ00"";""Amsterdam                               "";""Buurt   "";""BU0363FK04"";""38.4"""
"190144;""20300"";""MBG0095"";""BU0363FK04"";""2024JJ00"";""Amsterdam                               "";""Buurt   "";""BU0363FK04"";""28.5"""
"190147;""20300"";""MBG0095"";""BU0363FK05"";""2020JJ00"";""Amsterdam                               "";""Buurt   "";""BU0363FK05"";""24.9"""
"190148;""20300"";""MBG0095"";""BU0363FK05"";""2022JJ00"";""Amsterdam                               "";""Buurt   "";""BU0363FK05"";""33.5"""
"190149;""20300"";""MBG0095"";""BU0363FK05"";""2024JJ00"";""Amsterdam                               "";""Buurt   "";""BU0363FK05"";""25.3"""
"190152;""20300"";""MBG0095"";""WK0363FL  "";""2020JJ00"";""Amsterdam                               "";""Wijk    "";""WK0363FL  "";""26.8"""
"190153;""20300"";""MBG0095"";""WK0363FL  "";""2022JJ00"";""Amsterdam                               "";""Wijk    "";""WK0363FL  "";""35.9"""
"190154;""20300"";""MBG0095"";""WK0363FL  "";""2024JJ00"";""Amsterdam                               "";""Wijk    "";""WK0363FL  "";""26.4"""
"190157;""20300"";""MBG0095"";""BU0363FL01"";""2020JJ00"";""Amsterdam                               "";""Buurt   "";""BU0363FL01"";""15.3"""
"190158;""20300"";""MBG0095"";""BU0363FL01"";""2022JJ00"";""Amsterdam                               "";""Buurt   "";""BU0363FL01"";""21.8"""
"190159;""20300"";""MBG0095"";""BU0363FL01"";""2024JJ00"";""Amsterdam                               "";""Buurt   "";""BU0363FL01"";""16.9"""
"190162;""20300"";""MBG0095"";""BU0363FL02"";""2020JJ00"";""Amsterdam                               "";""Buurt   "";""BU0363FL02"";""27.6"""
"190163;""20300"";""MBG0095"";""BU0363FL02"";""2022JJ00"";""Amsterdam                               "";""Buurt   "";""BU0363FL02"";""34.9"""
"190164;""20300"";""MBG0095"";""BU0363FL02"";""2024JJ00"";""Amsterdam                               "";""Buurt   "";""BU0363FL02"";""25.7"""
"190167;""20300"";""MBG0095"";""BU0363FL03"";""2020JJ00"";""Amsterdam                               "";""Buurt   "";""BU0363FL03"";""37.4"""
"190168;""20300"";""MBG0095"";""BU0363FL03"";""2022JJ00"";""Amsterdam                               "";""Buurt   "";""BU0363FL03"";""51.7"""
"190169;""20300"";""MBG0095"";""BU0363FL03"";""2024JJ00"";""Amsterdam                               "";""Buurt   "";""BU0363FL03"";""39.2"""
"190172;""20300"";""MBG0095"";""WK0363FM  "";""2020JJ00"";""Amsterdam                               "";""Wijk    "";""WK0363FM  "";""29.1"""
"190173;""20300"";""MBG0095"";""WK0363FM  "";""2022JJ00"";""Amsterdam                               "";""Wijk    "";""WK0363FM  "";""41.6"""
"190174;""20300"";""MBG0095"";""WK0363FM  "";""2024JJ00"";""Amsterdam                               "";""Wijk    "";""WK0363FM  "";""29.1"""
"190177;""20300"";""MBG0095"";""BU0363FM01"";""2020JJ00"";""Amsterdam                               "";""Buurt   "";""BU0363FM01"";""37.6"""
"190178;""20300"";""MBG0095"";""BU0363FM01"";""2022JJ00"";""Amsterdam                               "";""Buurt   "";""BU0363FM01"";""39.9"""
"190179;""20300"";""MBG0095"";""BU0363FM01"";""2024JJ00"";""Amsterdam                               "";""Buurt   "";""BU0363FM01"";""31"""
"190182;""20300"";""MBG0095"";""BU0363FM02"";""2020JJ00"";""Amsterdam                               "";""Buurt   "";""BU0363FM02"";""34.9"""
"190183;""20300"";""MBG0095"";""BU0363FM02"";""2022JJ00"";""Amsterdam                               "";""Buurt   "";""BU0363FM02"";""44.9"""
"190184;""20300"";""MBG0095"";""BU0363FM02"";""2024JJ00"";""Amsterdam                               "";""Buurt   "";""BU0363FM02"";""32.4"""
"190187;""20300"";""MBG0095"";""BU0363FM03"";""2020JJ00"";""Amsterdam                               "";""Buurt   "";""BU0363FM03"";""25.1"""
"190188;""20300"";""MBG0095"";""BU0363FM03"";""2022JJ00"";""Amsterdam                               "";""Buurt   "";""BU0363FM03"";""34.6"""
"190189;""20300"";""MBG0095"";""BU0363FM03"";""2024JJ00"";""Amsterdam                               "";""Buurt   "";""BU0363FM03"";""28.8"""
"190192;""20300"";""MBG0095"";""BU0363FM04"";""2020JJ00"";""Amsterdam                               "";""Buurt   "";""BU0363FM04"";""26.9"""
"190193;""20300"";""MBG0095"";""BU0363FM04"";""2022JJ00"";""Amsterdam                               "";""Buurt   "";""BU0363FM04"";""43.9"""
"190194;""20300"";""MBG0095"";""BU0363FM04"";""2024JJ00"";""Amsterdam                               "";""Buurt   "";""BU0363FM04"";""28.4"""
"190197;""20300"";""MBG0095"";""BU0363FM05"";""2020JJ00"";""Amsterdam                               "";""Buurt   "";""BU0363FM05"";""19.2"""
"190198;""20300"";""MBG0095"";""BU0363FM05"";""2022JJ00"";""Amsterdam                               "";""Buurt   "";""BU0363FM05"";""23.7"""
"190199;""20300"";""MBG0095"";""BU0363FM05"";""2024JJ00"";""Amsterdam                               "";""Buurt   "";""BU0363FM05"";""20.7"""
"190202;""20300"";""MBG0095"";""BU0363FM06"";""2020JJ00"";""Amsterdam                               "";""Buurt   "";""BU0363FM06"";""48.1"""
"190203;""20300"";""MBG0095"";""BU0363FM06"";""2022JJ00"";""Amsterdam                               "";""Buurt   "";""BU0363FM06"";""68.7"""
"190204;""20300"";""MBG0095"";""BU0363FM06"";""2024JJ00"";""Amsterdam                               "";""Buurt   "";""BU0363FM06"";""46.3"""
"190207;""20300"";""MBG0095"";""WK0363FN  "";""2020JJ00"";""Amsterdam                               "";""Wijk    "";""WK0363FN  "";""30.1"""
"190208;""20300"";""MBG0095"";""WK0363FN  "";""2022JJ00"";""Amsterdam                               "";""Wijk    "";""WK0363FN  "";""41.7"""
"190209;""20300"";""MBG0095"";""WK0363FN  "";""2024JJ00"";""Amsterdam                               "";""Wijk    "";""WK0363FN  "";""30.2"""
"190212;""20300"";""MBG0095"";""BU0363FN01"";""2020JJ00"";""Amsterdam                               "";""Buurt   "";""BU0363FN01"";""28.7"""
"190213;""20300"";""MBG0095"";""BU0363FN01"";""2022JJ00"";""Amsterdam                               "";""Buurt   "";""BU0363FN01"";""41.7"""
"190214;""20300"";""MBG0095"";""BU0363FN01"";""2024JJ00"";""Amsterdam                               "";""Buurt   "";""BU0363FN01"";""30.8"""
"190217;""20300"";""MBG0095"";""BU0363FN02"";""2020JJ00"";""Amsterdam                               "";""Buurt   "";""BU0363FN02"";""28.3"""
"190218;""20300"";""MBG0095"";""BU0363FN02"";""2022JJ00"";""Amsterdam                               "";""Buurt   "";""BU0363FN02"";""39.3"""
"190219;""20300"";""MBG0095"";""BU0363FN02"";""2024JJ00"";""Amsterdam                               "";""Buurt   "";""BU0363FN02"";""28.2"""
"190222;""20300"";""MBG0095"";""BU0363FN03"";""2020JJ00"";""Amsterdam                               "";""Buurt   "";""BU0363FN03"";""39.5"""
"190223;""20300"";""MBG0095"";""BU0363FN03"";""2022JJ00"";""Amsterdam                               "";""Buurt   "";""BU0363FN03"";""60.3"""
"190224;""20300"";""MBG0095"";""BU0363FN03"";""2024JJ00"";""Amsterdam                               "";""Buurt   "";""BU0363FN03"";""44.9"""
"190227;""20300"";""MBG0095"";""BU0363FN04"";""2020JJ00"";""Amsterdam                               "";""Buurt   "";""BU0363FN04"";""33.6"""
"190228;""20300"";""MBG0095"";""BU0363FN04"";""2022JJ00"";""Amsterdam                               "";""Buurt   "";""BU0363FN04"";""45.1"""
"190229;""20300"";""MBG0095"";""BU0363FN04"";""2024JJ00"";""Amsterdam                               "";""Buurt   "";""BU0363FN04"";""32.4"""
"190232;""20300"";""MBG0095"";""WK0363FP  "";""2020JJ00"";""Amsterdam                               "";""Wijk    "";""WK0363FP  "";""26.8"""
"190233;""20300"";""MBG0095"";""WK0363FP  "";""2022JJ00"";""Amsterdam                               "";""Wijk    "";""WK0363FP  "";""37"""
"190234;""20300"";""MBG0095"";""WK0363FP  "";""2024JJ00"";""Amsterdam                               "";""Wijk    "";""WK0363FP  "";""29.1"""
"190237;""20300"";""MBG0095"";""BU0363FP01"";""2020JJ00"";""Amsterdam                               "";""Buurt   "";""BU0363FP01"";""29.5"""
"190238;""20300"";""MBG0095"";""BU0363FP01"";""2022JJ00"";""Amsterdam                               "";""Buurt   "";""BU0363FP01"";""40"""
"190239;""20300"";""MBG0095"";""BU0363FP01"";""2024JJ00"";""Amsterdam                               "";""Buurt   "";""BU0363FP01"";""32.7"""
"190242;""20300"";""MBG0095"";""BU0363FP02"";""2020JJ00"";""Amsterdam                               "";""Buurt   "";""BU0363FP02"";""18"""
"190243;""20300"";""MBG0095"";""BU0363FP02"";""2022JJ00"";""Amsterdam                               "";""Buurt   "";""BU0363FP02"";""24.6"""
"190244;""20300"";""MBG0095"";""BU0363FP02"";""2024JJ00"";""Amsterdam                               "";""Buurt   "";""BU0363FP02"";""20.9"""
"190247;""20300"";""MBG0095"";""BU0363FP03"";""2020JJ00"";""Amsterdam                               "";""Buurt   "";""BU0363FP03"";""23.1"""
"190248;""20300"";""MBG0095"";""BU0363FP03"";""2022JJ00"";""Amsterdam                               "";""Buurt   "";""BU0363FP03"";""29.2"""
"190249;""20300"";""MBG0095"";""BU0363FP03"";""2024JJ00"";""Amsterdam                               "";""Buurt   "";""BU0363FP03"";""22.7"""
"190252;""20300"";""MBG0095"";""BU0363FP04"";""2020JJ00"";""Amsterdam                               "";""Buurt   "";""BU0363FP04"";""31.8"""
"190253;""20300"";""MBG0095"";""BU0363FP04"";""2022JJ00"";""Amsterdam                               "";""Buurt   "";""BU0363FP04"";""45.4"""
"190254;""20300"";""MBG0095"";""BU0363FP04"";""2024JJ00"";""Amsterdam                               "";""Buurt   "";""BU0363FP04"";""33.4"""
"190257;""20300"";""MBG0095"";""BU0363FP05"";""2020JJ00"";""Amsterdam                               "";""Buurt   "";""BU0363FP05"";""33.4"""
"190258;""20300"";""MBG0095"";""BU0363FP05"";""2022JJ00"";""Amsterdam                               "";""Buurt   "";""BU0363FP05"";""43.2"""
"190259;""20300"";""MBG0095"";""BU0363FP05"";""2024JJ00"";""Amsterdam                               "";""Buurt   "";""BU0363FP05"";""34.6"""
"190262;""20300"";""MBG0095"";""BU0363FP06"";""2020JJ00"";""Amsterdam                               "";""Buurt   "";""BU0363FP06"";""53"""
"190263;""20300"";""MBG0095"";""BU0363FP06"";""2022JJ00"";""Amsterdam                               "";""Buurt   "";""BU0363FP06"";""63.7"""
"190264;""20300"";""MBG0095"";""BU0363FP06"";""2024JJ00"";""Amsterdam                               "";""Buurt   "";""BU0363FP06"";""52.1"""
"190267;""20300"";""MBG0095"";""WK0363FQ  "";""2020JJ00"";""Amsterdam                               "";""Wijk    "";""WK0363FQ  "";""17.7"""
"190268;""20300"";""MBG0095"";""WK0363FQ  "";""2022JJ00"";""Amsterdam                               "";""Wijk    "";""WK0363FQ  "";""24"""
"190269;""20300"";""MBG0095"";""WK0363FQ  "";""2024JJ00"";""Amsterdam                               "";""Wijk    "";""WK0363FQ  "";""17"""
"190272;""20300"";""MBG0095"";""BU0363FQ01"";""2020JJ00"";""Amsterdam                               "";""Buurt   "";""BU0363FQ01"";""16.6"""
"190273;""20300"";""MBG0095"";""BU0363FQ01"";""2022JJ00"";""Amsterdam                               "";""Buurt   "";""BU0363FQ01"";""21.4"""
"190274;""20300"";""MBG0095"";""BU0363FQ01"";""2024JJ00"";""Amsterdam                               "";""Buurt   "";""BU0363FQ01"";""15.9"""
"190277;""20300"";""MBG0095"";""BU0363FQ02"";""2020JJ00"";""Amsterdam                               "";""Buurt   "";""BU0363FQ02"";""21"""
"190278;""20300"";""MBG0095"";""BU0363FQ02"";""2022JJ00"";""Amsterdam                               "";""Buurt   "";""BU0363FQ02"";""28.1"""
"190279;""20300"";""MBG0095"";""BU0363FQ02"";""2024JJ00"";""Amsterdam                               "";""Buurt   "";""BU0363FQ02"";""19.6"""
"190282;""20300"";""MBG0095"";""BU0363FQ03"";""2020JJ00"";""Amsterdam                               "";""Buurt   "";""BU0363FQ03"";""18.6"""
"190283;""20300"";""MBG0095"";""BU0363FQ03"";""2022JJ00"";""Amsterdam                               "";""Buurt   "";""BU0363FQ03"";""26.4"""
"190284;""20300"";""MBG0095"";""BU0363FQ03"";""2024JJ00"";""Amsterdam                               "";""Buurt   "";""BU0363FQ03"";""18.7"""
"190287;""20300"";""MBG0095"";""BU0363FQ04"";""2020JJ00"";""Amsterdam                               "";""Buurt   "";""BU0363FQ04"";""12.2"""
"190288;""20300"";""MBG0095"";""BU0363FQ04"";""2022JJ00"";""Amsterdam                               "";""Buurt   "";""BU0363FQ04"";""15.2"""
"190289;""20300"";""MBG0095"";""BU0363FQ04"";""2024JJ00"";""Amsterdam                               "";""Buurt   "";""BU0363FQ04"";""11.4"""
"190292;""20300"";""MBG0095"";""BU0363FQ05"";""2020JJ00"";""Amsterdam                               "";""Buurt   "";""BU0363FQ05"";""22.5"""
"190293;""20300"";""MBG0095"";""BU0363FQ05"";""2022JJ00"";""Amsterdam                               "";""Buurt   "";""BU0363FQ05"";""28.9"""
"190294;""20300"";""MBG0095"";""BU0363FQ05"";""2024JJ00"";""Amsterdam                               "";""Buurt   "";""BU0363FQ05"";""20.9"""
"190297;""20300"";""MBG0095"";""BU0363FQ06"";""2020JJ00"";""Amsterdam                               "";""Buurt   "";""BU0363FQ06"";""24.1"""
"190298;""20300"";""MBG0095"";""BU0363FQ06"";""2022JJ00"";""Amsterdam                               "";""Buurt   "";""BU0363FQ06"";""30.4"""
"190299;""20300"";""MBG0095"";""BU0363FQ06"";""2024JJ00"";""Amsterdam                               "";""Buurt   "";""BU0363FQ06"";""23.2"""
"190302;""20300"";""MBG0095"";""BU0363FQ07"";""2020JJ00"";""Amsterdam                               "";""Buurt   "";""BU0363FQ07"";""16.8"""
"190303;""20300"";""MBG0095"";""BU0363FQ07"";""2022JJ00"";""Amsterdam                               "";""Buurt   "";""BU0363FQ07"";""23.3"""
"190304;""20300"";""MBG0095"";""BU0363FQ07"";""2024JJ00"";""Amsterdam                               "";""Buurt   "";""BU0363FQ07"";""14.6"""
"190307;""20300"";""MBG0095"";""BU0363FQ08"";""2020JJ00"";""Amsterdam                               "";""Buurt   "";""BU0363FQ08"";""9.8"""
"190308;""20300"";""MBG0095"";""BU0363FQ08"";""2022JJ00"";""Amsterdam                               "";""Buurt   "";""BU0363FQ08"";""11.7"""
"190309;""20300"";""MBG0095"";""BU0363FQ08"";""2024JJ00"";""Amsterdam                               "";""Buurt   "";""BU0363FQ08"";""9.7"""
"190312;""20300"";""MBG0095"";""BU0363FQ09"";""2020JJ00"";""Amsterdam                               "";""Buurt   "";""BU0363FQ09"";""56"""
"190313;""20300"";""MBG0095"";""BU0363FQ09"";""2022JJ00"";""Amsterdam                               "";""Buurt   "";""BU0363FQ09"";""39.4"""
"190314;""20300"";""MBG0095"";""BU0363FQ09"";""2024JJ00"";""Amsterdam                               "";""Buurt   "";""BU0363FQ09"";""27.1"""
"190317;""20300"";""MBG0095"";""BU0363FQ10"";""2020JJ00"";""Amsterdam                               "";""Buurt   "";""BU0363FQ10"";""46.4"""
"190318;""20300"";""MBG0095"";""BU0363FQ10"";""2022JJ00"";""Amsterdam                               "";""Buurt   "";""BU0363FQ10"";""48.2"""
"190319;""20300"";""MBG0095"";""BU0363FQ10"";""2024JJ00"";""Amsterdam                               "";""Buurt   "";""BU0363FQ10"";""33.1"""
"190322;""20300"";""MBG0095"";""WK0363KA  "";""2020JJ00"";""Amsterdam                               "";""Wijk    "";""WK0363KA  "";""21.3"""
"190323;""20300"";""MBG0095"";""WK0363KA  "";""2022JJ00"";""Amsterdam                               "";""Wijk    "";""WK0363KA  "";""26"""
"190324;""20300"";""MBG0095"";""WK0363KA  "";""2024JJ00"";""Amsterdam                               "";""Wijk    "";""WK0363KA  "";""22.1"""
"190327;""20300"";""MBG0095"";""BU0363KA01"";""2020JJ00"";""Amsterdam                               "";""Buurt   "";""BU0363KA01"";""21.2"""
"190328;""20300"";""MBG0095"";""BU0363KA01"";""2022JJ00"";""Amsterdam                               "";""Buurt   "";""BU0363KA01"";""27.2"""
"190329;""20300"";""MBG0095"";""BU0363KA01"";""2024JJ00"";""Amsterdam                               "";""Buurt   "";""BU0363KA01"";""23.7"""
"190332;""20300"";""MBG0095"";""BU0363KA02"";""2020JJ00"";""Amsterdam                               "";""Buurt   "";""BU0363KA02"";""22"""
"190333;""20300"";""MBG0095"";""BU0363KA02"";""2022JJ00"";""Amsterdam                               "";""Buurt   "";""BU0363KA02"";""25.5"""
"190334;""20300"";""MBG0095"";""BU0363KA02"";""2024JJ00"";""Amsterdam                               "";""Buurt   "";""BU0363KA02"";""21.6"""
"190337;""20300"";""MBG0095"";""BU0363KA03"";""2020JJ00"";""Amsterdam                               "";""Buurt   "";""BU0363KA03"";""22.4"""
"190338;""20300"";""MBG0095"";""BU0363KA03"";""2022JJ00"";""Amsterdam                               "";""Buurt   "";""BU0363KA03"";""27.2"""
"190339;""20300"";""MBG0095"";""BU0363KA03"";""2024JJ00"";""Amsterdam                               "";""Buurt   "";""BU0363KA03"";""23.5"""
"190342;""20300"";""MBG0095"";""BU0363KA04"";""2020JJ00"";""Amsterdam                               "";""Buurt   "";""BU0363KA04"";""21.2"""
"190343;""20300"";""MBG0095"";""BU0363KA04"";""2022JJ00"";""Amsterdam                               "";""Buurt   "";""BU0363KA04"";""26.6"""
"190344;""20300"";""MBG0095"";""BU0363KA04"";""2024JJ00"";""Amsterdam                               "";""Buurt   "";""BU0363KA04"";""22.9"""
"190347;""20300"";""MBG0095"";""BU0363KA05"";""2020JJ00"";""Amsterdam                               "";""Buurt   "";""BU0363KA05"";""22.6"""
"190348;""20300"";""MBG0095"";""BU0363KA05"";""2022JJ00"";""Amsterdam                               "";""Buurt   "";""BU0363KA05"";""26.9"""
"190349;""20300"";""MBG0095"";""BU0363KA05"";""2024JJ00"";""Amsterdam                               "";""Buurt   "";""BU0363KA05"";""23"""
"190352;""20300"";""MBG0095"";""BU0363KA06"";""2020JJ00"";""Amsterdam                               "";""Buurt   "";""BU0363KA06"";""30.2"""
"190353;""20300"";""MBG0095"";""BU0363KA06"";""2022JJ00"";""Amsterdam                               "";""Buurt   "";""BU0363KA06"";""43.5"""
"190354;""20300"";""MBG0095"";""BU0363KA06"";""2024JJ00"";""Amsterdam                               "";""Buurt   "";""BU0363KA06"";""28.3"""
"190357;""20300"";""MBG0095"";""WK0363KB  "";""2020JJ00"";""Amsterdam                               "";""Wijk    "";""WK0363KB  "";""25.2"""
"190358;""20300"";""MBG0095"";""WK0363KB  "";""2022JJ00"";""Amsterdam                               "";""Wijk    "";""WK0363KB  "";""31.2"""
"190359;""20300"";""MBG0095"";""WK0363KB  "";""2024JJ00"";""Amsterdam                               "";""Wijk    "";""WK0363KB  "";""28.9"""
"190362;""20300"";""MBG0095"";""BU0363KB01"";""2020JJ00"";""Amsterdam                               "";""Buurt   "";""BU0363KB01"";""23.2"""
"190363;""20300"";""MBG0095"";""BU0363KB01"";""2022JJ00"";""Amsterdam                               "";""Buurt   "";""BU0363KB01"";""28.5"""
"190364;""20300"";""MBG0095"";""BU0363KB01"";""2024JJ00"";""Amsterdam                               "";""Buurt   "";""BU0363KB01"";""27.1"""
"190367;""20300"";""MBG0095"";""BU0363KB02"";""2020JJ00"";""Amsterdam                               "";""Buurt   "";""BU0363KB02"";""30.6"""
"190368;""20300"";""MBG0095"";""BU0363KB02"";""2022JJ00"";""Amsterdam                               "";""Buurt   "";""BU0363KB02"";""37.5"""
"190369;""20300"";""MBG0095"";""BU0363KB02"";""2024JJ00"";""Amsterdam                               "";""Buurt   "";""BU0363KB02"";""32.7"""
"190372;""20300"";""MBG0095"";""WK0363KC  "";""2020JJ00"";""Amsterdam                               "";""Wijk    "";""WK0363KC  "";""17.4"""
"190373;""20300"";""MBG0095"";""WK0363KC  "";""2022JJ00"";""Amsterdam                               "";""Wijk    "";""WK0363KC  "";""22.6"""
"190374;""20300"";""MBG0095"";""WK0363KC  "";""2024JJ00"";""Amsterdam                               "";""Wijk    "";""WK0363KC  "";""18.7"""
"190377;""20300"";""MBG0095"";""BU0363KC01"";""2020JJ00"";""Amsterdam                               "";""Buurt   "";""BU0363KC01"";"
"190378;""20300"";""MBG0095"";""BU0363KC01"";""2022JJ00"";""Amsterdam                               "";""Buurt   "";""BU0363KC01"";"
"190379;""20300"";""MBG0095"";""BU0363KC01"";""2024JJ00"";""Amsterdam                               "";""Buurt   "";""BU0363KC01"";"
"190382;""20300"";""MBG0095"";""BU0363KC02"";""2020JJ00"";""Amsterdam                               "";""Buurt   "";""BU0363KC02"";""18.8"""
"190383;""20300"";""MBG0095"";""BU0363KC02"";""2022JJ00"";""Amsterdam                               "";""Buurt   "";""BU0363KC02"";""25.3"""
"190384;""20300"";""MBG0095"";""BU0363KC02"";""2024JJ00"";""Amsterdam                               "";""Buurt   "";""BU0363KC02"";""20.8"""
"190387;""20300"";""MBG0095"";""BU0363KC03"";""2020JJ00"";""Amsterdam                               "";""Buurt   "";""BU0363KC03"";""19"""
"190388;""20300"";""MBG0095"";""BU0363KC03"";""2022JJ00"";""Amsterdam                               "";""Buurt   "";""BU0363KC03"";""23.6"""
"190389;""20300"";""MBG0095"";""BU0363KC03"";""2024JJ00"";""Amsterdam                               "";""Buurt   "";""BU0363KC03"";""20.5"""
"190392;""20300"";""MBG0095"";""BU0363KC04"";""2020JJ00"";""Amsterdam                               "";""Buurt   "";""BU0363KC04"";""14.4"""
"190393;""20300"";""MBG0095"";""BU0363KC04"";""2022JJ00"";""Amsterdam                               "";""Buurt   "";""BU0363KC04"";""20.6"""
"190394;""20300"";""MBG0095"";""BU0363KC04"";""2024JJ00"";""Amsterdam                               "";""Buurt   "";""BU0363KC04"";""16.4"""
"190397;""20300"";""MBG0095"";""WK0363KD  "";""2020JJ00"";""Amsterdam                               "";""Wijk    "";""WK0363KD  "";""16"""
"190398;""20300"";""MBG0095"";""WK0363KD  "";""2022JJ00"";""Amsterdam                               "";""Wijk    "";""WK0363KD  "";""22.2"""
"190399;""20300"";""MBG0095"";""WK0363KD  "";""2024JJ00"";""Amsterdam                               "";""Wijk    "";""WK0363KD  "";""18.2"""
"190402;""20300"";""MBG0095"";""BU0363KD01"";""2020JJ00"";""Amsterdam                               "";""Buurt   "";""BU0363KD01"";"
"190403;""20300"";""MBG0095"";""BU0363KD01"";""2022JJ00"";""Amsterdam                               "";""Buurt   "";""BU0363KD01"";"
"190404;""20300"";""MBG0095"";""BU0363KD01"";""2024JJ00"";""Amsterdam                               "";""Buurt   "";""BU0363KD01"";"
"190407;""20300"";""MBG0095"";""BU0363KD02"";""2020JJ00"";""Amsterdam                               "";""Buurt   "";""BU0363KD02"";""17.5"""
"190408;""20300"";""MBG0095"";""BU0363KD02"";""2022JJ00"";""Amsterdam                               "";""Buurt   "";""BU0363KD02"";""21.5"""
"190409;""20300"";""MBG0095"";""BU0363KD02"";""2024JJ00"";""Amsterdam                               "";""Buurt   "";""BU0363KD02"";""17.4"""
"190412;""20300"";""MBG0095"";""BU0363KD03"";""2020JJ00"";""Amsterdam                               "";""Buurt   "";""BU0363KD03"";""16.1"""
"190413;""20300"";""MBG0095"";""BU0363KD03"";""2022JJ00"";""Amsterdam                               "";""Buurt   "";""BU0363KD03"";""24"""
"190414;""20300"";""MBG0095"";""BU0363KD03"";""2024JJ00"";""Amsterdam                               "";""Buurt   "";""BU0363KD03"";""19.4"""
"190417;""20300"";""MBG0095"";""BU0363KD04"";""2020JJ00"";""Amsterdam                               "";""Buurt   "";""BU0363KD04"";""20.7"""
"190418;""20300"";""MBG0095"";""BU0363KD04"";""2022JJ00"";""Amsterdam                               "";""Buurt   "";""BU0363KD04"";""28.3"""
"190419;""20300"";""MBG0095"";""BU0363KD04"";""2024JJ00"";""Amsterdam                               "";""Buurt   "";""BU0363KD04"";""23.8"""
"190422;""20300"";""MBG0095"";""BU0363KD05"";""2020JJ00"";""Amsterdam                               "";""Buurt   "";""BU0363KD05"";"
"190423;""20300"";""MBG0095"";""BU0363KD05"";""2022JJ00"";""Amsterdam                               "";""Buurt   "";""BU0363KD05"";"
"190424;""20300"";""MBG0095"";""BU0363KD05"";""2024JJ00"";""Amsterdam                               "";""Buurt   "";""BU0363KD05"";"
"190427;""20300"";""MBG0095"";""BU0363KD06"";""2020JJ00"";""Amsterdam                               "";""Buurt   "";""BU0363KD06"";""12.9"""
"190428;""20300"";""MBG0095"";""BU0363KD06"";""2022JJ00"";""Amsterdam                               "";""Buurt   "";""BU0363KD06"";""17.9"""
"190429;""20300"";""MBG0095"";""BU0363KD06"";""2024JJ00"";""Amsterdam                               "";""Buurt   "";""BU0363KD06"";""13.6"""
"190432;""20300"";""MBG0095"";""BU0363KD07"";""2020JJ00"";""Amsterdam                               "";""Buurt   "";""BU0363KD07"";""16.3"""
"190433;""20300"";""MBG0095"";""BU0363KD07"";""2022JJ00"";""Amsterdam                               "";""Buurt   "";""BU0363KD07"";""27.1"""
"190434;""20300"";""MBG0095"";""BU0363KD07"";""2024JJ00"";""Amsterdam                               "";""Buurt   "";""BU0363KD07"";""20.5"""
"190437;""20300"";""MBG0095"";""BU0363KD08"";""2020JJ00"";""Amsterdam                               "";""Buurt   "";""BU0363KD08"";""17.3"""
"190438;""20300"";""MBG0095"";""BU0363KD08"";""2022JJ00"";""Amsterdam                               "";""Buurt   "";""BU0363KD08"";""25.7"""
"190439;""20300"";""MBG0095"";""BU0363KD08"";""2024JJ00"";""Amsterdam                               "";""Buurt   "";""BU0363KD08"";""21.1"""
"190442;""20300"";""MBG0095"";""BU0363KD09"";""2020JJ00"";""Amsterdam                               "";""Buurt   "";""BU0363KD09"";""22.4"""
"190443;""20300"";""MBG0095"";""BU0363KD09"";""2022JJ00"";""Amsterdam                               "";""Buurt   "";""BU0363KD09"";""26.8"""
"190444;""20300"";""MBG0095"";""BU0363KD09"";""2024JJ00"";""Amsterdam                               "";""Buurt   "";""BU0363KD09"";""24.9"""
"190447;""20300"";""MBG0095"";""BU0363KD10"";""2020JJ00"";""Amsterdam                               "";""Buurt   "";""BU0363KD10"";""15.8"""
"190448;""20300"";""MBG0095"";""BU0363KD10"";""2022JJ00"";""Amsterdam                               "";""Buurt   "";""BU0363KD10"";""20.6"""
"190449;""20300"";""MBG0095"";""BU0363KD10"";""2024JJ00"";""Amsterdam                               "";""Buurt   "";""BU0363KD10"";""16.7"""
"190452;""20300"";""MBG0095"";""WK0363KE  "";""2020JJ00"";""Amsterdam                               "";""Wijk    "";""WK0363KE  "";""25.8"""
"190453;""20300"";""MBG0095"";""WK0363KE  "";""2022JJ00"";""Amsterdam                               "";""Wijk    "";""WK0363KE  "";""31.2"""
"190454;""20300"";""MBG0095"";""WK0363KE  "";""2024JJ00"";""Amsterdam                               "";""Wijk    "";""WK0363KE  "";""26.8"""
"190457;""20300"";""MBG0095"";""BU0363KE01"";""2020JJ00"";""Amsterdam                               "";""Buurt   "";""BU0363KE01"";""25.3"""
"190458;""20300"";""MBG0095"";""BU0363KE01"";""2022JJ00"";""Amsterdam                               "";""Buurt   "";""BU0363KE01"";""30.2"""
"190459;""20300"";""MBG0095"";""BU0363KE01"";""2024JJ00"";""Amsterdam                               "";""Buurt   "";""BU0363KE01"";""26.2"""
"190462;""20300"";""MBG0095"";""BU0363KE02"";""2020JJ00"";""Amsterdam                               "";""Buurt   "";""BU0363KE02"";""28.1"""
"190463;""20300"";""MBG0095"";""BU0363KE02"";""2022JJ00"";""Amsterdam                               "";""Buurt   "";""BU0363KE02"";""34.8"""
"190464;""20300"";""MBG0095"";""BU0363KE02"";""2024JJ00"";""Amsterdam                               "";""Buurt   "";""BU0363KE02"";""28.7"""
"190467;""20300"";""MBG0095"";""BU0363KE03"";""2020JJ00"";""Amsterdam                               "";""Buurt   "";""BU0363KE03"";""28.1"""
"190468;""20300"";""MBG0095"";""BU0363KE03"";""2022JJ00"";""Amsterdam                               "";""Buurt   "";""BU0363KE03"";""35.1"""
"190469;""20300"";""MBG0095"";""BU0363KE03"";""2024JJ00"";""Amsterdam                               "";""Buurt   "";""BU0363KE03"";""28.3"""
"190472;""20300"";""MBG0095"";""BU0363KE04"";""2020JJ00"";""Amsterdam                               "";""Buurt   "";""BU0363KE04"";""27.6"""
"190473;""20300"";""MBG0095"";""BU0363KE04"";""2022JJ00"";""Amsterdam                               "";""Buurt   "";""BU0363KE04"";""31.7"""
"190474;""20300"";""MBG0095"";""BU0363KE04"";""2024JJ00"";""Amsterdam                               "";""Buurt   "";""BU0363KE04"";""28.5"""
"190477;""20300"";""MBG0095"";""BU0363KE05"";""2020JJ00"";""Amsterdam                               "";""Buurt   "";""BU0363KE05"";""24.1"""
"190478;""20300"";""MBG0095"";""BU0363KE05"";""2022JJ00"";""Amsterdam                               "";""Buurt   "";""BU0363KE05"";""27.8"""
"190479;""20300"";""MBG0095"";""BU0363KE05"";""2024JJ00"";""Amsterdam                               "";""Buurt   "";""BU0363KE05"";""28.5"""
"190482;""20300"";""MBG0095"";""WK0363KF  "";""2020JJ00"";""Amsterdam                               "";""Wijk    "";""WK0363KF  "";""24.9"""
"190483;""20300"";""MBG0095"";""WK0363KF  "";""2022JJ00"";""Amsterdam                               "";""Wijk    "";""WK0363KF  "";""31.2"""
"190484;""20300"";""MBG0095"";""WK0363KF  "";""2024JJ00"";""Amsterdam                               "";""Wijk    "";""WK0363KF  "";""28"""
"190487;""20300"";""MBG0095"";""BU0363KF01"";""2020JJ00"";""Amsterdam                               "";""Buurt   "";""BU0363KF01"";""25"""
"190488;""20300"";""MBG0095"";""BU0363KF01"";""2022JJ00"";""Amsterdam                               "";""Buurt   "";""BU0363KF01"";""30.5"""
"190489;""20300"";""MBG0095"";""BU0363KF01"";""2024JJ00"";""Amsterdam                               "";""Buurt   "";""BU0363KF01"";""27"""
"190492;""20300"";""MBG0095"";""BU0363KF02"";""2020JJ00"";""Amsterdam                               "";""Buurt   "";""BU0363KF02"";""26.5"""
"190493;""20300"";""MBG0095"";""BU0363KF02"";""2022JJ00"";""Amsterdam                               "";""Buurt   "";""BU0363KF02"";""33.7"""
"190494;""20300"";""MBG0095"";""BU0363KF02"";""2024JJ00"";""Amsterdam                               "";""Buurt   "";""BU0363KF02"";""28.2"""
"190497;""20300"";""MBG0095"";""BU0363KF03"";""2020JJ00"";""Amsterdam                               "";""Buurt   "";""BU0363KF03"";""25.3"""
"190498;""20300"";""MBG0095"";""BU0363KF03"";""2022JJ00"";""Amsterdam                               "";""Buurt   "";""BU0363KF03"";""30.3"""
"190499;""20300"";""MBG0095"";""BU0363KF03"";""2024JJ00"";""Amsterdam                               "";""Buurt   "";""BU0363KF03"";""32.2"""
"190502;""20300"";""MBG0095"";""BU0363KF04"";""2020JJ00"";""Amsterdam                               "";""Buurt   "";""BU0363KF04"";""26.7"""
"190503;""20300"";""MBG0095"";""BU0363KF04"";""2022JJ00"";""Amsterdam                               "";""Buurt   "";""BU0363KF04"";""33.7"""
"190504;""20300"";""MBG0095"";""BU0363KF04"";""2024JJ00"";""Amsterdam                               "";""Buurt   "";""BU0363KF04"";""28.8"""
"190507;""20300"";""MBG0095"";""WK0363KG  "";""2020JJ00"";""Amsterdam                               "";""Wijk    "";""WK0363KG  "";""30.1"""
"190508;""20300"";""MBG0095"";""WK0363KG  "";""2022JJ00"";""Amsterdam                               "";""Wijk    "";""WK0363KG  "";""41.6"""
"190509;""20300"";""MBG0095"";""WK0363KG  "";""2024JJ00"";""Amsterdam                               "";""Wijk    "";""WK0363KG  "";""30.3"""
"190512;""20300"";""MBG0095"";""BU0363KG01"";""2020JJ00"";""Amsterdam                               "";""Buurt   "";""BU0363KG01"";""30.8"""
"190513;""20300"";""MBG0095"";""BU0363KG01"";""2022JJ00"";""Amsterdam                               "";""Buurt   "";""BU0363KG01"";""42"""
"190514;""20300"";""MBG0095"";""BU0363KG01"";""2024JJ00"";""Amsterdam                               "";""Buurt   "";""BU0363KG01"";""31.6"""
"190517;""20300"";""MBG0095"";""BU0363KG02"";""2020JJ00"";""Amsterdam                               "";""Buurt   "";""BU0363KG02"";""30.5"""
"190518;""20300"";""MBG0095"";""BU0363KG02"";""2022JJ00"";""Amsterdam                               "";""Buurt   "";""BU0363KG02"";""40.6"""
"190519;""20300"";""MBG0095"";""BU0363KG02"";""2024JJ00"";""Amsterdam                               "";""Buurt   "";""BU0363KG02"";""29.4"""
"190522;""20300"";""MBG0095"";""BU0363KG03"";""2020JJ00"";""Amsterdam                               "";""Buurt   "";""BU0363KG03"";""31.1"""
"190523;""20300"";""MBG0095"";""BU0363KG03"";""2022JJ00"";""Amsterdam                               "";""Buurt   "";""BU0363KG03"";""42.7"""
"190524;""20300"";""MBG0095"";""BU0363KG03"";""2024JJ00"";""Amsterdam                               "";""Buurt   "";""BU0363KG03"";""32.1"""
"190527;""20300"";""MBG0095"";""WK0363KH  "";""2020JJ00"";""Amsterdam                               "";""Wijk    "";""WK0363KH  "";""24"""
"190528;""20300"";""MBG0095"";""WK0363KH  "";""2022JJ00"";""Amsterdam                               "";""Wijk    "";""WK0363KH  "";""31.9"""
"190529;""20300"";""MBG0095"";""WK0363KH  "";""2024JJ00"";""Amsterdam                               "";""Wijk    "";""WK0363KH  "";""25.1"""
"190532;""20300"";""MBG0095"";""BU0363KH01"";""2020JJ00"";""Amsterdam                               "";""Buurt   "";""BU0363KH01"";""29.7"""
"190533;""20300"";""MBG0095"";""BU0363KH01"";""2022JJ00"";""Amsterdam                               "";""Buurt   "";""BU0363KH01"";""42.1"""
"190534;""20300"";""MBG0095"";""BU0363KH01"";""2024JJ00"";""Amsterdam                               "";""Buurt   "";""BU0363KH01"";""34.5"""
"190537;""20300"";""MBG0095"";""BU0363KH02"";""2020JJ00"";""Amsterdam                               "";""Buurt   "";""BU0363KH02"";""21.5"""
"190538;""20300"";""MBG0095"";""BU0363KH02"";""2022JJ00"";""Amsterdam                               "";""Buurt   "";""BU0363KH02"";""28.5"""
"190539;""20300"";""MBG0095"";""BU0363KH02"";""2024JJ00"";""Amsterdam                               "";""Buurt   "";""BU0363KH02"";""22.9"""
"190542;""20300"";""MBG0095"";""BU0363KH03"";""2020JJ00"";""Amsterdam                               "";""Buurt   "";""BU0363KH03"";""31"""
"190543;""20300"";""MBG0095"";""BU0363KH03"";""2022JJ00"";""Amsterdam                               "";""Buurt   "";""BU0363KH03"";""43.1"""
"190544;""20300"";""MBG0095"";""BU0363KH03"";""2024JJ00"";""Amsterdam                               "";""Buurt   "";""BU0363KH03"";""33.4"""
"190547;""20300"";""MBG0095"";""BU0363KH04"";""2020JJ00"";""Amsterdam                               "";""Buurt   "";""BU0363KH04"";""27.3"""
"190548;""20300"";""MBG0095"";""BU0363KH04"";""2022JJ00"";""Amsterdam                               "";""Buurt   "";""BU0363KH04"";""38.6"""
"190549;""20300"";""MBG0095"";""BU0363KH04"";""2024JJ00"";""Amsterdam                               "";""Buurt   "";""BU0363KH04"";""30.5"""
"190552;""20300"";""MBG0095"";""BU0363KH05"";""2020JJ00"";""Amsterdam                               "";""Buurt   "";""BU0363KH05"";""22.3"""
"190553;""20300"";""MBG0095"";""BU0363KH05"";""2022JJ00"";""Amsterdam                               "";""Buurt   "";""BU0363KH05"";""27"""
"190554;""20300"";""MBG0095"";""BU0363KH05"";""2024JJ00"";""Amsterdam                               "";""Buurt   "";""BU0363KH05"";""22.1"""
"190557;""20300"";""MBG0095"";""BU0363KH06"";""2020JJ00"";""Amsterdam                               "";""Buurt   "";""BU0363KH06"";""18.3"""
"190558;""20300"";""MBG0095"";""BU0363KH06"";""2022JJ00"";""Amsterdam                               "";""Buurt   "";""BU0363KH06"";""20.1"""
"190559;""20300"";""MBG0095"";""BU0363KH06"";""2024JJ00"";""Amsterdam                               "";""Buurt   "";""BU0363KH06"";""16.9"""
"190562;""20300"";""MBG0095"";""WK0363KJ  "";""2020JJ00"";""Amsterdam                               "";""Wijk    "";""WK0363KJ  "";""13.2"""
"190563;""20300"";""MBG0095"";""WK0363KJ  "";""2022JJ00"";""Amsterdam                               "";""Wijk    "";""WK0363KJ  "";""19.3"""
"190564;""20300"";""MBG0095"";""WK0363KJ  "";""2024JJ00"";""Amsterdam                               "";""Wijk    "";""WK0363KJ  "";""14.8"""
"190567;""20300"";""MBG0095"";""BU0363KJ01"";""2020JJ00"";""Amsterdam                               "";""Buurt   "";""BU0363KJ01"";"
"190568;""20300"";""MBG0095"";""BU0363KJ01"";""2022JJ00"";""Amsterdam                               "";""Buurt   "";""BU0363KJ01"";"
"190569;""20300"";""MBG0095"";""BU0363KJ01"";""2024JJ00"";""Amsterdam                               "";""Buurt   "";""BU0363KJ01"";"
"190572;""20300"";""MBG0095"";""BU0363KJ02"";""2020JJ00"";""Amsterdam                               "";""Buurt   "";""BU0363KJ02"";""13.6"""
"190573;""20300"";""MBG0095"";""BU0363KJ02"";""2022JJ00"";""Amsterdam                               "";""Buurt   "";""BU0363KJ02"";""20.5"""
"190574;""20300"";""MBG0095"";""BU0363KJ02"";""2024JJ00"";""Amsterdam                               "";""Buurt   "";""BU0363KJ02"";""14.8"""
"190577;""20300"";""MBG0095"";""BU0363KJ03"";""2020JJ00"";""Amsterdam                               "";""Buurt   "";""BU0363KJ03"";""13.9"""
"190578;""20300"";""MBG0095"";""BU0363KJ03"";""2022JJ00"";""Amsterdam                               "";""Buurt   "";""BU0363KJ03"";""20.9"""
"190579;""20300"";""MBG0095"";""BU0363KJ03"";""2024JJ00"";""Amsterdam                               "";""Buurt   "";""BU0363KJ03"";""15.4"""
"190582;""20300"";""MBG0095"";""BU0363KJ04"";""2020JJ00"";""Amsterdam                               "";""Buurt   "";""BU0363KJ04"";""14.3"""
"190583;""20300"";""MBG0095"";""BU0363KJ04"";""2022JJ00"";""Amsterdam                               "";""Buurt   "";""BU0363KJ04"";""20.1"""
"190584;""20300"";""MBG0095"";""BU0363KJ04"";""2024JJ00"";""Amsterdam                               "";""Buurt   "";""BU0363KJ04"";""16.1"""
"190587;""20300"";""MBG0095"";""BU0363KJ05"";""2020JJ00"";""Amsterdam                               "";""Buurt   "";""BU0363KJ05"";""14"""
"190588;""20300"";""MBG0095"";""BU0363KJ05"";""2022JJ00"";""Amsterdam                               "";""Buurt   "";""BU0363KJ05"";""23.4"""
"190589;""20300"";""MBG0095"";""BU0363KJ05"";""2024JJ00"";""Amsterdam                               "";""Buurt   "";""BU0363KJ05"";""18"""
"190592;""20300"";""MBG0095"";""BU0363KJ06"";""2020JJ00"";""Amsterdam                               "";""Buurt   "";""BU0363KJ06"";""12.1"""
"190593;""20300"";""MBG0095"";""BU0363KJ06"";""2022JJ00"";""Amsterdam                               "";""Buurt   "";""BU0363KJ06"";""16.2"""
"190594;""20300"";""MBG0095"";""BU0363KJ06"";""2024JJ00"";""Amsterdam                               "";""Buurt   "";""BU0363KJ06"";""12.5"""
"190597;""20300"";""MBG0095"";""WK0363KK  "";""2020JJ00"";""Amsterdam                               "";""Wijk    "";""WK0363KK  "";""19.6"""
"190598;""20300"";""MBG0095"";""WK0363KK  "";""2022JJ00"";""Amsterdam                               "";""Wijk    "";""WK0363KK  "";""24.3"""
"190599;""20300"";""MBG0095"";""WK0363KK  "";""2024JJ00"";""Amsterdam                               "";""Wijk    "";""WK0363KK  "";""19.8"""
"190602;""20300"";""MBG0095"";""BU0363KK01"";""2020JJ00"";""Amsterdam                               "";""Buurt   "";""BU0363KK01"";""18.9"""
"190603;""20300"";""MBG0095"";""BU0363KK01"";""2022JJ00"";""Amsterdam                               "";""Buurt   "";""BU0363KK01"";""23.3"""
"190604;""20300"";""MBG0095"";""BU0363KK01"";""2024JJ00"";""Amsterdam                               "";""Buurt   "";""BU0363KK01"";""19.8"""
"190607;""20300"";""MBG0095"";""BU0363KK02"";""2020JJ00"";""Amsterdam                               "";""Buurt   "";""BU0363KK02"";""21.4"""
"190608;""20300"";""MBG0095"";""BU0363KK02"";""2022JJ00"";""Amsterdam                               "";""Buurt   "";""BU0363KK02"";""27.1"""
"190609;""20300"";""MBG0095"";""BU0363KK02"";""2024JJ00"";""Amsterdam                               "";""Buurt   "";""BU0363KK02"";""22"""
"190612;""20300"";""MBG0095"";""BU0363KK03"";""2020JJ00"";""Amsterdam                               "";""Buurt   "";""BU0363KK03"";""20.3"""
"190613;""20300"";""MBG0095"";""BU0363KK03"";""2022JJ00"";""Amsterdam                               "";""Buurt   "";""BU0363KK03"";""23.3"""
"190614;""20300"";""MBG0095"";""BU0363KK03"";""2024JJ00"";""Amsterdam                               "";""Buurt   "";""BU0363KK03"";""20"""
"190617;""20300"";""MBG0095"";""BU0363KK04"";""2020JJ00"";""Amsterdam                               "";""Buurt   "";""BU0363KK04"";""20"""
"190618;""20300"";""MBG0095"";""BU0363KK04"";""2022JJ00"";""Amsterdam                               "";""Buurt   "";""BU0363KK04"";""25.8"""
"190619;""20300"";""MBG0095"";""BU0363KK04"";""2024JJ00"";""Amsterdam                               "";""Buurt   "";""BU0363KK04"";""21.3"""
"190622;""20300"";""MBG0095"";""BU0363KK05"";""2020JJ00"";""Amsterdam                               "";""Buurt   "";""BU0363KK05"";""24.1"""
"190623;""20300"";""MBG0095"";""BU0363KK05"";""2022JJ00"";""Amsterdam                               "";""Buurt   "";""BU0363KK05"";""31.1"""
"190624;""20300"";""MBG0095"";""BU0363KK05"";""2024JJ00"";""Amsterdam                               "";""Buurt   "";""BU0363KK05"";""22.8"""
"190627;""20300"";""MBG0095"";""BU0363KK06"";""2020JJ00"";""Amsterdam                               "";""Buurt   "";""BU0363KK06"";""15.1"""
"190628;""20300"";""MBG0095"";""BU0363KK06"";""2022JJ00"";""Amsterdam                               "";""Buurt   "";""BU0363KK06"";""18.8"""
"190629;""20300"";""MBG0095"";""BU0363KK06"";""2024JJ00"";""Amsterdam                               "";""Buurt   "";""BU0363KK06"";""19.1"""
"190632;""20300"";""MBG0095"";""WK0363KL  "";""2020JJ00"";""Amsterdam                               "";""Wijk    "";""WK0363KL  "";""24.9"""
"190633;""20300"";""MBG0095"";""WK0363KL  "";""2022JJ00"";""Amsterdam                               "";""Wijk    "";""WK0363KL  "";""34.4"""
"190634;""20300"";""MBG0095"";""WK0363KL  "";""2024JJ00"";""Amsterdam                               "";""Wijk    "";""WK0363KL  "";""26.8"""
"190637;""20300"";""MBG0095"";""BU0363KL01"";""2020JJ00"";""Amsterdam                               "";""Buurt   "";""BU0363KL01"";""27.1"""
"190638;""20300"";""MBG0095"";""BU0363KL01"";""2022JJ00"";""Amsterdam                               "";""Buurt   "";""BU0363KL01"";""35"""
"190639;""20300"";""MBG0095"";""BU0363KL01"";""2024JJ00"";""Amsterdam                               "";""Buurt   "";""BU0363KL01"";""27.2"""
"190642;""20300"";""MBG0095"";""BU0363KL02"";""2020JJ00"";""Amsterdam                               "";""Buurt   "";""BU0363KL02"";""24.4"""
"190643;""20300"";""MBG0095"";""BU0363KL02"";""2022JJ00"";""Amsterdam                               "";""Buurt   "";""BU0363KL02"";""34.4"""
"190644;""20300"";""MBG0095"";""BU0363KL02"";""2024JJ00"";""Amsterdam                               "";""Buurt   "";""BU0363KL02"";""27.5"""
"190647;""20300"";""MBG0095"";""WK0363KM  "";""2020JJ00"";""Amsterdam                               "";""Wijk    "";""WK0363KM  "";""24.5"""
"190648;""20300"";""MBG0095"";""WK0363KM  "";""2022JJ00"";""Amsterdam                               "";""Wijk    "";""WK0363KM  "";""31.9"""
"190649;""20300"";""MBG0095"";""WK0363KM  "";""2024JJ00"";""Amsterdam                               "";""Wijk    "";""WK0363KM  "";""25.1"""
"190652;""20300"";""MBG0095"";""BU0363KM01"";""2020JJ00"";""Amsterdam                               "";""Buurt   "";""BU0363KM01"";""26"""
"190653;""20300"";""MBG0095"";""BU0363KM01"";""2022JJ00"";""Amsterdam                               "";""Buurt   "";""BU0363KM01"";""34.7"""
"190654;""20300"";""MBG0095"";""BU0363KM01"";""2024JJ00"";""Amsterdam                               "";""Buurt   "";""BU0363KM01"";""27.9"""
"190657;""20300"";""MBG0095"";""BU0363KM02"";""2020JJ00"";""Amsterdam                               "";""Buurt   "";""BU0363KM02"";""33.3"""
"190658;""20300"";""MBG0095"";""BU0363KM02"";""2022JJ00"";""Amsterdam                               "";""Buurt   "";""BU0363KM02"";""44.4"""
"190659;""20300"";""MBG0095"";""BU0363KM02"";""2024JJ00"";""Amsterdam                               "";""Buurt   "";""BU0363KM02"";""32.8"""
"190662;""20300"";""MBG0095"";""BU0363KM03"";""2020JJ00"";""Amsterdam                               "";""Buurt   "";""BU0363KM03"";""22.3"""
"190663;""20300"";""MBG0095"";""BU0363KM03"";""2022JJ00"";""Amsterdam                               "";""Buurt   "";""BU0363KM03"";""29.4"""
"190664;""20300"";""MBG0095"";""BU0363KM03"";""2024JJ00"";""Amsterdam                               "";""Buurt   "";""BU0363KM03"";""23.7"""
"190667;""20300"";""MBG0095"";""BU0363KM04"";""2020JJ00"";""Amsterdam                               "";""Buurt   "";""BU0363KM04"";""22.3"""
"190668;""20300"";""MBG0095"";""BU0363KM04"";""2022JJ00"";""Amsterdam                               "";""Buurt   "";""BU0363KM04"";""28.9"""
"190669;""20300"";""MBG0095"";""BU0363KM04"";""2024JJ00"";""Amsterdam                               "";""Buurt   "";""BU0363KM04"";""23.4"""
"190672;""20300"";""MBG0095"";""BU0363KM05"";""2020JJ00"";""Amsterdam                               "";""Buurt   "";""BU0363KM05"";"
"190673;""20300"";""MBG0095"";""BU0363KM05"";""2022JJ00"";""Amsterdam                               "";""Buurt   "";""BU0363KM05"";"
"190674;""20300"";""MBG0095"";""BU0363KM05"";""2024JJ00"";""Amsterdam                               "";""Buurt   "";""BU0363KM05"";"
"190677;""20300"";""MBG0095"";""WK0363KN  "";""2020JJ00"";""Amsterdam                               "";""Wijk    "";""WK0363KN  "";""10.9"""
"190678;""20300"";""MBG0095"";""WK0363KN  "";""2022JJ00"";""Amsterdam                               "";""Wijk    "";""WK0363KN  "";""17.3"""
"190679;""20300"";""MBG0095"";""WK0363KN  "";""2024JJ00"";""Amsterdam                               "";""Wijk    "";""WK0363KN  "";""13.5"""
"190682;""20300"";""MBG0095"";""BU0363KN01"";""2020JJ00"";""Amsterdam                               "";""Buurt   "";""BU0363KN01"";""10.9"""
"190683;""20300"";""MBG0095"";""BU0363KN01"";""2022JJ00"";""Amsterdam                               "";""Buurt   "";""BU0363KN01"";""17.3"""
"190684;""20300"";""MBG0095"";""BU0363KN01"";""2024JJ00"";""Amsterdam                               "";""Buurt   "";""BU0363KN01"";""13.5"""
"190687;""20300"";""MBG0095"";""BU0363KN02"";""2020JJ00"";""Amsterdam                               "";""Buurt   "";""BU0363KN02"";"
"190688;""20300"";""MBG0095"";""BU0363KN02"";""2022JJ00"";""Amsterdam                               "";""Buurt   "";""BU0363KN02"";"
"190689;""20300"";""MBG0095"";""BU0363KN02"";""2024JJ00"";""Amsterdam                               "";""Buurt   "";""BU0363KN02"";"
"190692;""20300"";""MBG0095"";""WK0363KP  "";""2020JJ00"";""Amsterdam                               "";""Wijk    "";""WK0363KP  "";""21.6"""
"190693;""20300"";""MBG0095"";""WK0363KP  "";""2022JJ00"";""Amsterdam                               "";""Wijk    "";""WK0363KP  "";""31.4"""
"190694;""20300"";""MBG0095"";""WK0363KP  "";""2024JJ00"";""Amsterdam                               "";""Wijk    "";""WK0363KP  "";""24"""
"190697;""20300"";""MBG0095"";""BU0363KP01"";""2020JJ00"";""Amsterdam                               "";""Buurt   "";""BU0363KP01"";""18"""
"190698;""20300"";""MBG0095"";""BU0363KP01"";""2022JJ00"";""Amsterdam                               "";""Buurt   "";""BU0363KP01"";""26.6"""
"190699;""20300"";""MBG0095"";""BU0363KP01"";""2024JJ00"";""Amsterdam                               "";""Buurt   "";""BU0363KP01"";""22.2"""
"190702;""20300"";""MBG0095"";""BU0363KP02"";""2020JJ00"";""Amsterdam                               "";""Buurt   "";""BU0363KP02"";"
"190703;""20300"";""MBG0095"";""BU0363KP02"";""2022JJ00"";""Amsterdam                               "";""Buurt   "";""BU0363KP02"";"
"190704;""20300"";""MBG0095"";""BU0363KP02"";""2024JJ00"";""Amsterdam                               "";""Buurt   "";""BU0363KP02"";"
"190707;""20300"";""MBG0095"";""BU0363KP03"";""2020JJ00"";""Amsterdam                               "";""Buurt   "";""BU0363KP03"";""28"""
"190708;""20300"";""MBG0095"";""BU0363KP03"";""2022JJ00"";""Amsterdam                               "";""Buurt   "";""BU0363KP03"";""41.1"""
"190709;""20300"";""MBG0095"";""BU0363KP03"";""2024JJ00"";""Amsterdam                               "";""Buurt   "";""BU0363KP03"";""35.5"""
"190712;""20300"";""MBG0095"";""BU0363KP04"";""2020JJ00"";""Amsterdam                               "";""Buurt   "";""BU0363KP04"";""16.3"""
"190713;""20300"";""MBG0095"";""BU0363KP04"";""2022JJ00"";""Amsterdam                               "";""Buurt   "";""BU0363KP04"";""26.2"""
"190714;""20300"";""MBG0095"";""BU0363KP04"";""2024JJ00"";""Amsterdam                               "";""Buurt   "";""BU0363KP04"";""20.4"""
"190717;""20300"";""MBG0095"";""BU0363KP05"";""2020JJ00"";""Amsterdam                               "";""Buurt   "";""BU0363KP05"";""40.1"""
"190718;""20300"";""MBG0095"";""BU0363KP05"";""2022JJ00"";""Amsterdam                               "";""Buurt   "";""BU0363KP05"";""45.7"""
"190719;""20300"";""MBG0095"";""BU0363KP05"";""2024JJ00"";""Amsterdam                               "";""Buurt   "";""BU0363KP05"";""31.3"""
"190722;""20300"";""MBG0095"";""WK0363KQ  "";""2020JJ00"";""Amsterdam                               "";""Wijk    "";""WK0363KQ  "";""19"""
"190723;""20300"";""MBG0095"";""WK0363KQ  "";""2022JJ00"";""Amsterdam                               "";""Wijk    "";""WK0363KQ  "";""24.5"""
"190724;""20300"";""MBG0095"";""WK0363KQ  "";""2024JJ00"";""Amsterdam                               "";""Wijk    "";""WK0363KQ  "";""19.9"""
"190727;""20300"";""MBG0095"";""BU0363KQ01"";""2020JJ00"";""Amsterdam                               "";""Buurt   "";""BU0363KQ01"";"
"190728;""20300"";""MBG0095"";""BU0363KQ01"";""2022JJ00"";""Amsterdam                               "";""Buurt   "";""BU0363KQ01"";"
"190729;""20300"";""MBG0095"";""BU0363KQ01"";""2024JJ00"";""Amsterdam                               "";""Buurt   "";""BU0363KQ01"";"
"190732;""20300"";""MBG0095"";""BU0363KQ02"";""2020JJ00"";""Amsterdam                               "";""Buurt   "";""BU0363KQ02"";"
"190733;""20300"";""MBG0095"";""BU0363KQ02"";""2022JJ00"";""Amsterdam                               "";""Buurt   "";""BU0363KQ02"";"
"190734;""20300"";""MBG0095"";""BU0363KQ02"";""2024JJ00"";""Amsterdam                               "";""Buurt   "";""BU0363KQ02"";"
"190737;""20300"";""MBG0095"";""BU0363KQ03"";""2020JJ00"";""Amsterdam                               "";""Buurt   "";""BU0363KQ03"";""14.4"""
"190738;""20300"";""MBG0095"";""BU0363KQ03"";""2022JJ00"";""Amsterdam                               "";""Buurt   "";""BU0363KQ03"";""19.8"""
"190739;""20300"";""MBG0095"";""BU0363KQ03"";""2024JJ00"";""Amsterdam                               "";""Buurt   "";""BU0363KQ03"";""16.2"""
"190742;""20300"";""MBG0095"";""BU0363KQ04"";""2020JJ00"";""Amsterdam                               "";""Buurt   "";""BU0363KQ04"";""19.3"""
"190743;""20300"";""MBG0095"";""BU0363KQ04"";""2022JJ00"";""Amsterdam                               "";""Buurt   "";""BU0363KQ04"";""26.8"""
"190744;""20300"";""MBG0095"";""BU0363KQ04"";""2024JJ00"";""Amsterdam                               "";""Buurt   "";""BU0363KQ04"";""21.2"""
"190747;""20300"";""MBG0095"";""BU0363KQ05"";""2020JJ00"";""Amsterdam                               "";""Buurt   "";""BU0363KQ05"";""19.3"""
"190748;""20300"";""MBG0095"";""BU0363KQ05"";""2022JJ00"";""Amsterdam                               "";""Buurt   "";""BU0363KQ05"";""23"""
"190749;""20300"";""MBG0095"";""BU0363KQ05"";""2024JJ00"";""Amsterdam                               "";""Buurt   "";""BU0363KQ05"";""18.6"""
"190752;""20300"";""MBG0095"";""BU0363KQ06"";""2020JJ00"";""Amsterdam                               "";""Buurt   "";""BU0363KQ06"";""21.2"""
"190753;""20300"";""MBG0095"";""BU0363KQ06"";""2022JJ00"";""Amsterdam                               "";""Buurt   "";""BU0363KQ06"";""26.4"""
"190754;""20300"";""MBG0095"";""BU0363KQ06"";""2024JJ00"";""Amsterdam                               "";""Buurt   "";""BU0363KQ06"";""23.8"""
"190757;""20300"";""MBG0095"";""WK0363KR  "";""2020JJ00"";""Amsterdam                               "";""Wijk    "";""WK0363KR  "";""19.9"""
"190758;""20300"";""MBG0095"";""WK0363KR  "";""2022JJ00"";""Amsterdam                               "";""Wijk    "";""WK0363KR  "";""26.9"""
"190759;""20300"";""MBG0095"";""WK0363KR  "";""2024JJ00"";""Amsterdam                               "";""Wijk    "";""WK0363KR  "";""22.1"""
"190762;""20300"";""MBG0095"";""BU0363KR01"";""2020JJ00"";""Amsterdam                               "";""Buurt   "";""BU0363KR01"";""14.8"""
"190763;""20300"";""MBG0095"";""BU0363KR01"";""2022JJ00"";""Amsterdam                               "";""Buurt   "";""BU0363KR01"";""20.7"""
"190764;""20300"";""MBG0095"";""BU0363KR01"";""2024JJ00"";""Amsterdam                               "";""Buurt   "";""BU0363KR01"";""18.7"""
"190767;""20300"";""MBG0095"";""BU0363KR02"";""2020JJ00"";""Amsterdam                               "";""Buurt   "";""BU0363KR02"";""22.8"""
"190768;""20300"";""MBG0095"";""BU0363KR02"";""2022JJ00"";""Amsterdam                               "";""Buurt   "";""BU0363KR02"";""30.9"""
"190769;""20300"";""MBG0095"";""BU0363KR02"";""2024JJ00"";""Amsterdam                               "";""Buurt   "";""BU0363KR02"";""24.3"""
"190772;""20300"";""MBG0095"";""BU0363KR03"";""2020JJ00"";""Amsterdam                               "";""Buurt   "";""BU0363KR03"";""19.4"""
"190773;""20300"";""MBG0095"";""BU0363KR03"";""2022JJ00"";""Amsterdam                               "";""Buurt   "";""BU0363KR03"";""25.7"""
"190774;""20300"";""MBG0095"";""BU0363KR03"";""2024JJ00"";""Amsterdam                               "";""Buurt   "";""BU0363KR03"";""21.9"""
"190777;""20300"";""MBG0095"";""BU0363KR04"";""2020JJ00"";""Amsterdam                               "";""Buurt   "";""BU0363KR04"";"
"190778;""20300"";""MBG0095"";""BU0363KR04"";""2022JJ00"";""Amsterdam                               "";""Buurt   "";""BU0363KR04"";"
"190779;""20300"";""MBG0095"";""BU0363KR04"";""2024JJ00"";""Amsterdam                               "";""Buurt   "";""BU0363KR04"";"
"190782;""20300"";""MBG0095"";""WK0363MA  "";""2020JJ00"";""Amsterdam                               "";""Wijk    "";""WK0363MA  "";""20"""
"190783;""20300"";""MBG0095"";""WK0363MA  "";""2022JJ00"";""Amsterdam                               "";""Wijk    "";""WK0363MA  "";""25.7"""
"190784;""20300"";""MBG0095"";""WK0363MA  "";""2024JJ00"";""Amsterdam                               "";""Wijk    "";""WK0363MA  "";""20"""
"190787;""20300"";""MBG0095"";""BU0363MA01"";""2020JJ00"";""Amsterdam                               "";""Buurt   "";""BU0363MA01"";""22.3"""
"190788;""20300"";""MBG0095"";""BU0363MA01"";""2022JJ00"";""Amsterdam                               "";""Buurt   "";""BU0363MA01"";""23.4"""
"190789;""20300"";""MBG0095"";""BU0363MA01"";""2024JJ00"";""Amsterdam                               "";""Buurt   "";""BU0363MA01"";""18.3"""
"190792;""20300"";""MBG0095"";""BU0363MA02"";""2020JJ00"";""Amsterdam                               "";""Buurt   "";""BU0363MA02"";""19.4"""
"190793;""20300"";""MBG0095"";""BU0363MA02"";""2022JJ00"";""Amsterdam                               "";""Buurt   "";""BU0363MA02"";""27.9"""
"190794;""20300"";""MBG0095"";""BU0363MA02"";""2024JJ00"";""Amsterdam                               "";""Buurt   "";""BU0363MA02"";""19.4"""
"190797;""20300"";""MBG0095"";""BU0363MA03"";""2020JJ00"";""Amsterdam                               "";""Buurt   "";""BU0363MA03"";""29.3"""
"190798;""20300"";""MBG0095"";""BU0363MA03"";""2022JJ00"";""Amsterdam                               "";""Buurt   "";""BU0363MA03"";""31.1"""
"190799;""20300"";""MBG0095"";""BU0363MA03"";""2024JJ00"";""Amsterdam                               "";""Buurt   "";""BU0363MA03"";""21.1"""
"190802;""20300"";""MBG0095"";""BU0363MA04"";""2020JJ00"";""Amsterdam                               "";""Buurt   "";""BU0363MA04"";""20.6"""
"190803;""20300"";""MBG0095"";""BU0363MA04"";""2022JJ00"";""Amsterdam                               "";""Buurt   "";""BU0363MA04"";""26.7"""
"190804;""20300"";""MBG0095"";""BU0363MA04"";""2024JJ00"";""Amsterdam                               "";""Buurt   "";""BU0363MA04"";""20.6"""
"190807;""20300"";""MBG0095"";""BU0363MA05"";""2020JJ00"";""Amsterdam                               "";""Buurt   "";""BU0363MA05"";""16.4"""
"190808;""20300"";""MBG0095"";""BU0363MA05"";""2022JJ00"";""Amsterdam                               "";""Buurt   "";""BU0363MA05"";""23.6"""
"190809;""20300"";""MBG0095"";""BU0363MA05"";""2024JJ00"";""Amsterdam                               "";""Buurt   "";""BU0363MA05"";""23.4"""
"190812;""20300"";""MBG0095"";""BU0363MA06"";""2020JJ00"";""Amsterdam                               "";""Buurt   "";""BU0363MA06"";""25.2"""
"190813;""20300"";""MBG0095"";""BU0363MA06"";""2022JJ00"";""Amsterdam                               "";""Buurt   "";""BU0363MA06"";""26.9"""
"190814;""20300"";""MBG0095"";""BU0363MA06"";""2024JJ00"";""Amsterdam                               "";""Buurt   "";""BU0363MA06"";""19.4"""
"190817;""20300"";""MBG0095"";""BU0363MA07"";""2020JJ00"";""Amsterdam                               "";""Buurt   "";""BU0363MA07"";""27.6"""
"190818;""20300"";""MBG0095"";""BU0363MA07"";""2022JJ00"";""Amsterdam                               "";""Buurt   "";""BU0363MA07"";""35.3"""
"190819;""20300"";""MBG0095"";""BU0363MA07"";""2024JJ00"";""Amsterdam                               "";""Buurt   "";""BU0363MA07"";""27"""
"190822;""20300"";""MBG0095"";""BU0363MA08"";""2020JJ00"";""Amsterdam                               "";""Buurt   "";""BU0363MA08"";"
"190823;""20300"";""MBG0095"";""BU0363MA08"";""2022JJ00"";""Amsterdam                               "";""Buurt   "";""BU0363MA08"";"
"190824;""20300"";""MBG0095"";""BU0363MA08"";""2024JJ00"";""Amsterdam                               "";""Buurt   "";""BU0363MA08"";"
"190827;""20300"";""MBG0095"";""BU0363MA09"";""2020JJ00"";""Amsterdam                               "";""Buurt   "";""BU0363MA09"";""21.7"""
"190828;""20300"";""MBG0095"";""BU0363MA09"";""2022JJ00"";""Amsterdam                               "";""Buurt   "";""BU0363MA09"";""28.9"""
"190829;""20300"";""MBG0095"";""BU0363MA09"";""2024JJ00"";""Amsterdam                               "";""Buurt   "";""BU0363MA09"";""20.7"""
"190832;""20300"";""MBG0095"";""BU0363MA10"";""2020JJ00"";""Amsterdam                               "";""Buurt   "";""BU0363MA10"";""31.7"""
"190833;""20300"";""MBG0095"";""BU0363MA10"";""2022JJ00"";""Amsterdam                               "";""Buurt   "";""BU0363MA10"";""25.8"""
"190834;""20300"";""MBG0095"";""BU0363MA10"";""2024JJ00"";""Amsterdam                               "";""Buurt   "";""BU0363MA10"";""26.8"""
"190837;""20300"";""MBG0095"";""BU0363MA11"";""2020JJ00"";""Amsterdam                               "";""Buurt   "";""BU0363MA11"";""32.8"""
"190838;""20300"";""MBG0095"";""BU0363MA11"";""2022JJ00"";""Amsterdam                               "";""Buurt   "";""BU0363MA11"";""39.5"""
"190839;""20300"";""MBG0095"";""BU0363MA11"";""2024JJ00"";""Amsterdam                               "";""Buurt   "";""BU0363MA11"";""27.2"""
"190842;""20300"";""MBG0095"";""WK0363MB  "";""2020JJ00"";""Amsterdam                               "";""Wijk    "";""WK0363MB  "";""21.4"""
"190843;""20300"";""MBG0095"";""WK0363MB  "";""2022JJ00"";""Amsterdam                               "";""Wijk    "";""WK0363MB  "";""27.3"""
"190844;""20300"";""MBG0095"";""WK0363MB  "";""2024JJ00"";""Amsterdam                               "";""Wijk    "";""WK0363MB  "";""23"""
"190847;""20300"";""MBG0095"";""BU0363MB01"";""2020JJ00"";""Amsterdam                               "";""Buurt   "";""BU0363MB01"";""19.9"""
"190848;""20300"";""MBG0095"";""BU0363MB01"";""2022JJ00"";""Amsterdam                               "";""Buurt   "";""BU0363MB01"";""25.1"""
"190849;""20300"";""MBG0095"";""BU0363MB01"";""2024JJ00"";""Amsterdam                               "";""Buurt   "";""BU0363MB01"";""22"""
"190852;""20300"";""MBG0095"";""BU0363MB02"";""2020JJ00"";""Amsterdam                               "";""Buurt   "";""BU0363MB02"";""21.6"""
"190853;""20300"";""MBG0095"";""BU0363MB02"";""2022JJ00"";""Amsterdam                               "";""Buurt   "";""BU0363MB02"";""26.6"""
"190854;""20300"";""MBG0095"";""BU0363MB02"";""2024JJ00"";""Amsterdam                               "";""Buurt   "";""BU0363MB02"";""22.6"""
"190857;""20300"";""MBG0095"";""BU0363MB03"";""2020JJ00"";""Amsterdam                               "";""Buurt   "";""BU0363MB03"";""38.5"""
"190858;""20300"";""MBG0095"";""BU0363MB03"";""2022JJ00"";""Amsterdam                               "";""Buurt   "";""BU0363MB03"";""49.4"""
"190859;""20300"";""MBG0095"";""BU0363MB03"";""2024JJ00"";""Amsterdam                               "";""Buurt   "";""BU0363MB03"";""39.8"""
"190862;""20300"";""MBG0095"";""WK0363MC  "";""2020JJ00"";""Amsterdam                               "";""Wijk    "";""WK0363MC  "";""27.1"""
"190863;""20300"";""MBG0095"";""WK0363MC  "";""2022JJ00"";""Amsterdam                               "";""Wijk    "";""WK0363MC  "";""35.2"""
"190864;""20300"";""MBG0095"";""WK0363MC  "";""2024JJ00"";""Amsterdam                               "";""Wijk    "";""WK0363MC  "";""27.1"""
"190867;""20300"";""MBG0095"";""BU0363MC01"";""2020JJ00"";""Amsterdam                               "";""Buurt   "";""BU0363MC01"";""28.8"""
"190868;""20300"";""MBG0095"";""BU0363MC01"";""2022JJ00"";""Amsterdam                               "";""Buurt   "";""BU0363MC01"";""35.9"""
"190869;""20300"";""MBG0095"";""BU0363MC01"";""2024JJ00"";""Amsterdam                               "";""Buurt   "";""BU0363MC01"";""26.7"""
"190872;""20300"";""MBG0095"";""BU0363MC02"";""2020JJ00"";""Amsterdam                               "";""Buurt   "";""BU0363MC02"";"
"190873;""20300"";""MBG0095"";""BU0363MC02"";""2022JJ00"";""Amsterdam                               "";""Buurt   "";""BU0363MC02"";"
"190874;""20300"";""MBG0095"";""BU0363MC02"";""2024JJ00"";""Amsterdam                               "";""Buurt   "";""BU0363MC02"";"
"190877;""20300"";""MBG0095"";""BU0363MC03"";""2020JJ00"";""Amsterdam                               "";""Buurt   "";""BU0363MC03"";""30.1"""
"190878;""20300"";""MBG0095"";""BU0363MC03"";""2022JJ00"";""Amsterdam                               "";""Buurt   "";""BU0363MC03"";""40.5"""
"190879;""20300"";""MBG0095"";""BU0363MC03"";""2024JJ00"";""Amsterdam                               "";""Buurt   "";""BU0363MC03"";""30.8"""
"190882;""20300"";""MBG0095"";""BU0363MC04"";""2020JJ00"";""Amsterdam                               "";""Buurt   "";""BU0363MC04"";""24"""
"190883;""20300"";""MBG0095"";""BU0363MC04"";""2022JJ00"";""Amsterdam                               "";""Buurt   "";""BU0363MC04"";""31.6"""
"190884;""20300"";""MBG0095"";""BU0363MC04"";""2024JJ00"";""Amsterdam                               "";""Buurt   "";""BU0363MC04"";""25.8"""
"190887;""20300"";""MBG0095"";""WK0363MD  "";""2020JJ00"";""Amsterdam                               "";""Wijk    "";""WK0363MD  "";""29.4"""
"190888;""20300"";""MBG0095"";""WK0363MD  "";""2022JJ00"";""Amsterdam                               "";""Wijk    "";""WK0363MD  "";""40"""
"190889;""20300"";""MBG0095"";""WK0363MD  "";""2024JJ00"";""Amsterdam                               "";""Wijk    "";""WK0363MD  "";""29.5"""
"190892;""20300"";""MBG0095"";""BU0363MD01"";""2020JJ00"";""Amsterdam                               "";""Buurt   "";""BU0363MD01"";""29.2"""
"190893;""20300"";""MBG0095"";""BU0363MD01"";""2022JJ00"";""Amsterdam                               "";""Buurt   "";""BU0363MD01"";""41.1"""
"190894;""20300"";""MBG0095"";""BU0363MD01"";""2024JJ00"";""Amsterdam                               "";""Buurt   "";""BU0363MD01"";""28.7"""
"190897;""20300"";""MBG0095"";""BU0363MD02"";""2020JJ00"";""Amsterdam                               "";""Buurt   "";""BU0363MD02"";""30.1"""
"190898;""20300"";""MBG0095"";""BU0363MD02"";""2022JJ00"";""Amsterdam                               "";""Buurt   "";""BU0363MD02"";""40.1"""
"190899;""20300"";""MBG0095"";""BU0363MD02"";""2024JJ00"";""Amsterdam                               "";""Buurt   "";""BU0363MD02"";""31"""
"190902;""20300"";""MBG0095"";""WK0363ME  "";""2020JJ00"";""Amsterdam                               "";""Wijk    "";""WK0363ME  "";""27.9"""
"190903;""20300"";""MBG0095"";""WK0363ME  "";""2022JJ00"";""Amsterdam                               "";""Wijk    "";""WK0363ME  "";""35.5"""
"190904;""20300"";""MBG0095"";""WK0363ME  "";""2024JJ00"";""Amsterdam                               "";""Wijk    "";""WK0363ME  "";""26.1"""
"190907;""20300"";""MBG0095"";""BU0363ME01"";""2020JJ00"";""Amsterdam                               "";""Buurt   "";""BU0363ME01"";""28.6"""
"190908;""20300"";""MBG0095"";""BU0363ME01"";""2022JJ00"";""Amsterdam                               "";""Buurt   "";""BU0363ME01"";""37.8"""
"190909;""20300"";""MBG0095"";""BU0363ME01"";""2024JJ00"";""Amsterdam                               "";""Buurt   "";""BU0363ME01"";""26.3"""
"190912;""20300"";""MBG0095"";""BU0363ME02"";""2020JJ00"";""Amsterdam                               "";""Buurt   "";""BU0363ME02"";""30.4"""
"190913;""20300"";""MBG0095"";""BU0363ME02"";""2022JJ00"";""Amsterdam                               "";""Buurt   "";""BU0363ME02"";""38.2"""
"190914;""20300"";""MBG0095"";""BU0363ME02"";""2024JJ00"";""Amsterdam                               "";""Buurt   "";""BU0363ME02"";""28.9"""
"190917;""20300"";""MBG0095"";""BU0363ME03"";""2020JJ00"";""Amsterdam                               "";""Buurt   "";""BU0363ME03"";""23.5"""
"190918;""20300"";""MBG0095"";""BU0363ME03"";""2022JJ00"";""Amsterdam                               "";""Buurt   "";""BU0363ME03"";""27.5"""
"190919;""20300"";""MBG0095"";""BU0363ME03"";""2024JJ00"";""Amsterdam                               "";""Buurt   "";""BU0363ME03"";""23.5"""
"190922;""20300"";""MBG0095"";""WK0363MF  "";""2020JJ00"";""Amsterdam                               "";""Wijk    "";""WK0363MF  "";""29.7"""
"190923;""20300"";""MBG0095"";""WK0363MF  "";""2022JJ00"";""Amsterdam                               "";""Wijk    "";""WK0363MF  "";""38.9"""
"190924;""20300"";""MBG0095"";""WK0363MF  "";""2024JJ00"";""Amsterdam                               "";""Wijk    "";""WK0363MF  "";""28.5"""
"190927;""20300"";""MBG0095"";""BU0363MF01"";""2020JJ00"";""Amsterdam                               "";""Buurt   "";""BU0363MF01"";""28.5"""
"190928;""20300"";""MBG0095"";""BU0363MF01"";""2022JJ00"";""Amsterdam                               "";""Buurt   "";""BU0363MF01"";""36.8"""
"190929;""20300"";""MBG0095"";""BU0363MF01"";""2024JJ00"";""Amsterdam                               "";""Buurt   "";""BU0363MF01"";""27.5"""
"190932;""20300"";""MBG0095"";""BU0363MF02"";""2020JJ00"";""Amsterdam                               "";""Buurt   "";""BU0363MF02"";""29.6"""
"190933;""20300"";""MBG0095"";""BU0363MF02"";""2022JJ00"";""Amsterdam                               "";""Buurt   "";""BU0363MF02"";""37.7"""
"190934;""20300"";""MBG0095"";""BU0363MF02"";""2024JJ00"";""Amsterdam                               "";""Buurt   "";""BU0363MF02"";""28.9"""
"190937;""20300"";""MBG0095"";""BU0363MF03"";""2020JJ00"";""Amsterdam                               "";""Buurt   "";""BU0363MF03"";""33"""
"190938;""20300"";""MBG0095"";""BU0363MF03"";""2022JJ00"";""Amsterdam                               "";""Buurt   "";""BU0363MF03"";""45.2"""
"190939;""20300"";""MBG0095"";""BU0363MF03"";""2024JJ00"";""Amsterdam                               "";""Buurt   "";""BU0363MF03"";""31"""
"190942;""20300"";""MBG0095"";""WK0363MG  "";""2020JJ00"";""Amsterdam                               "";""Wijk    "";""WK0363MG  "";""31.5"""
"190943;""20300"";""MBG0095"";""WK0363MG  "";""2022JJ00"";""Amsterdam                               "";""Wijk    "";""WK0363MG  "";""40.7"""
"190944;""20300"";""MBG0095"";""WK0363MG  "";""2024JJ00"";""Amsterdam                               "";""Wijk    "";""WK0363MG  "";""29"""
"190947;""20300"";""MBG0095"";""BU0363MG01"";""2020JJ00"";""Amsterdam                               "";""Buurt   "";""BU0363MG01"";""32.5"""
"190948;""20300"";""MBG0095"";""BU0363MG01"";""2022JJ00"";""Amsterdam                               "";""Buurt   "";""BU0363MG01"";""42"""
"190949;""20300"";""MBG0095"";""BU0363MG01"";""2024JJ00"";""Amsterdam                               "";""Buurt   "";""BU0363MG01"";""30.3"""
"190952;""20300"";""MBG0095"";""BU0363MG02"";""2020JJ00"";""Amsterdam                               "";""Buurt   "";""BU0363MG02"";""21"""
"190953;""20300"";""MBG0095"";""BU0363MG02"";""2022JJ00"";""Amsterdam                               "";""Buurt   "";""BU0363MG02"";""27.4"""
"190954;""20300"";""MBG0095"";""BU0363MG02"";""2024JJ00"";""Amsterdam                               "";""Buurt   "";""BU0363MG02"";""20.2"""
"190957;""20300"";""MBG0095"";""BU0363MG03"";""2020JJ00"";""Amsterdam                               "";""Buurt   "";""BU0363MG03"";""33"""
"190958;""20300"";""MBG0095"";""BU0363MG03"";""2022JJ00"";""Amsterdam                               "";""Buurt   "";""BU0363MG03"";""42.2"""
"190959;""20300"";""MBG0095"";""BU0363MG03"";""2024JJ00"";""Amsterdam                               "";""Buurt   "";""BU0363MG03"";""29.6"""
"190962;""20300"";""MBG0095"";""BU0363MG04"";""2020JJ00"";""Amsterdam                               "";""Buurt   "";""BU0363MG04"";"
"190963;""20300"";""MBG0095"";""BU0363MG04"";""2022JJ00"";""Amsterdam                               "";""Buurt   "";""BU0363MG04"";"
"190964;""20300"";""MBG0095"";""BU0363MG04"";""2024JJ00"";""Amsterdam                               "";""Buurt   "";""BU0363MG04"";"
"190967;""20300"";""MBG0095"";""WK0363MH  "";""2020JJ00"";""Amsterdam                               "";""Wijk    "";""WK0363MH  "";""27.2"""
"190968;""20300"";""MBG0095"";""WK0363MH  "";""2022JJ00"";""Amsterdam                               "";""Wijk    "";""WK0363MH  "";""34.4"""
"190969;""20300"";""MBG0095"";""WK0363MH  "";""2024JJ00"";""Amsterdam                               "";""Wijk    "";""WK0363MH  "";""27.8"""
"190972;""20300"";""MBG0095"";""BU0363MH01"";""2020JJ00"";""Amsterdam                               "";""Buurt   "";""BU0363MH01"";"
"190973;""20300"";""MBG0095"";""BU0363MH01"";""2022JJ00"";""Amsterdam                               "";""Buurt   "";""BU0363MH01"";"
"190974;""20300"";""MBG0095"";""BU0363MH01"";""2024JJ00"";""Amsterdam                               "";""Buurt   "";""BU0363MH01"";"
"190977;""20300"";""MBG0095"";""BU0363MH02"";""2020JJ00"";""Amsterdam                               "";""Buurt   "";""BU0363MH02"";""26.1"""
"190978;""20300"";""MBG0095"";""BU0363MH02"";""2022JJ00"";""Amsterdam                               "";""Buurt   "";""BU0363MH02"";""32.6"""
"190979;""20300"";""MBG0095"";""BU0363MH02"";""2024JJ00"";""Amsterdam                               "";""Buurt   "";""BU0363MH02"";""26.9"""
"190982;""20300"";""MBG0095"";""BU0363MH03"";""2020JJ00"";""Amsterdam                               "";""Buurt   "";""BU0363MH03"";""41.2"""
"190983;""20300"";""MBG0095"";""BU0363MH03"";""2022JJ00"";""Amsterdam                               "";""Buurt   "";""BU0363MH03"";""47.4"""
"190984;""20300"";""MBG0095"";""BU0363MH03"";""2024JJ00"";""Amsterdam                               "";""Buurt   "";""BU0363MH03"";"
"190987;""20300"";""MBG0095"";""BU0363MH04"";""2020JJ00"";""Amsterdam                               "";""Buurt   "";""BU0363MH04"";""50.6"""
"190988;""20300"";""MBG0095"";""BU0363MH04"";""2022JJ00"";""Amsterdam                               "";""Buurt   "";""BU0363MH04"";""56.8"""
"190989;""20300"";""MBG0095"";""BU0363MH04"";""2024JJ00"";""Amsterdam                               "";""Buurt   "";""BU0363MH04"";""36.2"""
"190992;""20300"";""MBG0095"";""BU0363MH05"";""2020JJ00"";""Amsterdam                               "";""Buurt   "";""BU0363MH05"";""38.6"""
"190993;""20300"";""MBG0095"";""BU0363MH05"";""2022JJ00"";""Amsterdam                               "";""Buurt   "";""BU0363MH05"";""53.3"""
"190994;""20300"";""MBG0095"";""BU0363MH05"";""2024JJ00"";""Amsterdam                               "";""Buurt   "";""BU0363MH05"";""47.6"""
"190997;""20300"";""MBG0095"";""BU0363MH06"";""2020JJ00"";""Amsterdam                               "";""Buurt   "";""BU0363MH06"";"
"190998;""20300"";""MBG0095"";""BU0363MH06"";""2022JJ00"";""Amsterdam                               "";""Buurt   "";""BU0363MH06"";"
"190999;""20300"";""MBG0095"";""BU0363MH06"";""2024JJ00"";""Amsterdam                               "";""Buurt   "";""BU0363MH06"";"
"191002;""20300"";""MBG0095"";""WK0363MJ  "";""2020JJ00"";""Amsterdam                               "";""Wijk    "";""WK0363MJ  "";""21.5"""
"191003;""20300"";""MBG0095"";""WK0363MJ  "";""2022JJ00"";""Amsterdam                               "";""Wijk    "";""WK0363MJ  "";""27.8"""
"191004;""20300"";""MBG0095"";""WK0363MJ  "";""2024JJ00"";""Amsterdam                               "";""Wijk    "";""WK0363MJ  "";""20.6"""
"191007;""20300"";""MBG0095"";""BU0363MJ01"";""2020JJ00"";""Amsterdam                               "";""Buurt   "";""BU0363MJ01"";""21.9"""
"191008;""20300"";""MBG0095"";""BU0363MJ01"";""2022JJ00"";""Amsterdam                               "";""Buurt   "";""BU0363MJ01"";""26.8"""
"191009;""20300"";""MBG0095"";""BU0363MJ01"";""2024JJ00"";""Amsterdam                               "";""Buurt   "";""BU0363MJ01"";""19.7"""
"191012;""20300"";""MBG0095"";""BU0363MJ02"";""2020JJ00"";""Amsterdam                               "";""Buurt   "";""BU0363MJ02"";""25"""
"191013;""20300"";""MBG0095"";""BU0363MJ02"";""2022JJ00"";""Amsterdam                               "";""Buurt   "";""BU0363MJ02"";""30.8"""
"191014;""20300"";""MBG0095"";""BU0363MJ02"";""2024JJ00"";""Amsterdam                               "";""Buurt   "";""BU0363MJ02"";""20.9"""
"191017;""20300"";""MBG0095"";""BU0363MJ03"";""2020JJ00"";""Amsterdam                               "";""Buurt   "";""BU0363MJ03"";""14.4"""
"191018;""20300"";""MBG0095"";""BU0363MJ03"";""2022JJ00"";""Amsterdam                               "";""Buurt   "";""BU0363MJ03"";""17.9"""
"191019;""20300"";""MBG0095"";""BU0363MJ03"";""2024JJ00"";""Amsterdam                               "";""Buurt   "";""BU0363MJ03"";""13.6"""
"191022;""20300"";""MBG0095"";""BU0363MJ04"";""2020JJ00"";""Amsterdam                               "";""Buurt   "";""BU0363MJ04"";""24.1"""
"191023;""20300"";""MBG0095"";""BU0363MJ04"";""2022JJ00"";""Amsterdam                               "";""Buurt   "";""BU0363MJ04"";""31.7"""
"191024;""20300"";""MBG0095"";""BU0363MJ04"";""2024JJ00"";""Amsterdam                               "";""Buurt   "";""BU0363MJ04"";""25.5"""
"191027;""20300"";""MBG0095"";""BU0363MJ05"";""2020JJ00"";""Amsterdam                               "";""Buurt   "";""BU0363MJ05"";""24"""
"191028;""20300"";""MBG0095"";""BU0363MJ05"";""2022JJ00"";""Amsterdam                               "";""Buurt   "";""BU0363MJ05"";""31"""
"191029;""20300"";""MBG0095"";""BU0363MJ05"";""2024JJ00"";""Amsterdam                               "";""Buurt   "";""BU0363MJ05"";""23.4"""
"191032;""20300"";""MBG0095"";""WK0363MK  "";""2020JJ00"";""Amsterdam                               "";""Wijk    "";""WK0363MK  "";""33.3"""
"191033;""20300"";""MBG0095"";""WK0363MK  "";""2022JJ00"";""Amsterdam                               "";""Wijk    "";""WK0363MK  "";""29"""
"191034;""20300"";""MBG0095"";""WK0363MK  "";""2024JJ00"";""Amsterdam                               "";""Wijk    "";""WK0363MK  "";""18"""
"191037;""20300"";""MBG0095"";""BU0363MK01"";""2020JJ00"";""Amsterdam                               "";""Buurt   "";""BU0363MK01"";"
"191038;""20300"";""MBG0095"";""BU0363MK01"";""2022JJ00"";""Amsterdam                               "";""Buurt   "";""BU0363MK01"";"
"191039;""20300"";""MBG0095"";""BU0363MK01"";""2024JJ00"";""Amsterdam                               "";""Buurt   "";""BU0363MK01"";"
"191042;""20300"";""MBG0095"";""BU0363MK02"";""2020JJ00"";""Amsterdam                               "";""Buurt   "";""BU0363MK02"";"
"191043;""20300"";""MBG0095"";""BU0363MK02"";""2022JJ00"";""Amsterdam                               "";""Buurt   "";""BU0363MK02"";"
"191044;""20300"";""MBG0095"";""BU0363MK02"";""2024JJ00"";""Amsterdam                               "";""Buurt   "";""BU0363MK02"";"
"191047;""20300"";""MBG0095"";""BU0363MK03"";""2020JJ00"";""Amsterdam                               "";""Buurt   "";""BU0363MK03"";"
"191048;""20300"";""MBG0095"";""BU0363MK03"";""2022JJ00"";""Amsterdam                               "";""Buurt   "";""BU0363MK03"";"
"191049;""20300"";""MBG0095"";""BU0363MK03"";""2024JJ00"";""Amsterdam                               "";""Buurt   "";""BU0363MK03"";"
"191052;""20300"";""MBG0095"";""BU0363MK04"";""2020JJ00"";""Amsterdam                               "";""Buurt   "";""BU0363MK04"";""33.3"""
"191053;""20300"";""MBG0095"";""BU0363MK04"";""2022JJ00"";""Amsterdam                               "";""Buurt   "";""BU0363MK04"";""29"""
"191054;""20300"";""MBG0095"";""BU0363MK04"";""2024JJ00"";""Amsterdam                               "";""Buurt   "";""BU0363MK04"";""18"""
"191057;""20300"";""MBG0095"";""BU0363MK05"";""2020JJ00"";""Amsterdam                               "";""Buurt   "";""BU0363MK05"";"
"191058;""20300"";""MBG0095"";""BU0363MK05"";""2022JJ00"";""Amsterdam                               "";""Buurt   "";""BU0363MK05"";"
"191059;""20300"";""MBG0095"";""BU0363MK05"";""2024JJ00"";""Amsterdam                               "";""Buurt   "";""BU0363MK05"";"
"191062;""20300"";""MBG0095"";""WK0363ML  "";""2020JJ00"";""Amsterdam                               "";""Wijk    "";""WK0363ML  "";""23.1"""
"191063;""20300"";""MBG0095"";""WK0363ML  "";""2022JJ00"";""Amsterdam                               "";""Wijk    "";""WK0363ML  "";""30.7"""
"191064;""20300"";""MBG0095"";""WK0363ML  "";""2024JJ00"";""Amsterdam                               "";""Wijk    "";""WK0363ML  "";""22.9"""
"191067;""20300"";""MBG0095"";""BU0363ML01"";""2020JJ00"";""Amsterdam                               "";""Buurt   "";""BU0363ML01"";""30.5"""
"191068;""20300"";""MBG0095"";""BU0363ML01"";""2022JJ00"";""Amsterdam                               "";""Buurt   "";""BU0363ML01"";""43.9"""
"191069;""20300"";""MBG0095"";""BU0363ML01"";""2024JJ00"";""Amsterdam                               "";""Buurt   "";""BU0363ML01"";""30.6"""
"191072;""20300"";""MBG0095"";""BU0363ML02"";""2020JJ00"";""Amsterdam                               "";""Buurt   "";""BU0363ML02"";""22.2"""
"191073;""20300"";""MBG0095"";""BU0363ML02"";""2022JJ00"";""Amsterdam                               "";""Buurt   "";""BU0363ML02"";""28.1"""
"191074;""20300"";""MBG0095"";""BU0363ML02"";""2024JJ00"";""Amsterdam                               "";""Buurt   "";""BU0363ML02"";""21.7"""
"191077;""20300"";""MBG0095"";""BU0363ML03"";""2020JJ00"";""Amsterdam                               "";""Buurt   "";""BU0363ML03"";""7.6"""
"191078;""20300"";""MBG0095"";""BU0363ML03"";""2022JJ00"";""Amsterdam                               "";""Buurt   "";""BU0363ML03"";""11.7"""
"191079;""20300"";""MBG0095"";""BU0363ML03"";""2024JJ00"";""Amsterdam                               "";""Buurt   "";""BU0363ML03"";""7.4"""
"191082;""20300"";""MBG0095"";""WK0363MM  "";""2020JJ00"";""Amsterdam                               "";""Wijk    "";""WK0363MM  "";""25.7"""
"191083;""20300"";""MBG0095"";""WK0363MM  "";""2022JJ00"";""Amsterdam                               "";""Wijk    "";""WK0363MM  "";""33.4"""
"191084;""20300"";""MBG0095"";""WK0363MM  "";""2024JJ00"";""Amsterdam                               "";""Wijk    "";""WK0363MM  "";""25"""
"191087;""20300"";""MBG0095"";""BU0363MM01"";""2020JJ00"";""Amsterdam                               "";""Buurt   "";""BU0363MM01"";""36.3"""
"191088;""20300"";""MBG0095"";""BU0363MM01"";""2022JJ00"";""Amsterdam                               "";""Buurt   "";""BU0363MM01"";""54.6"""
"191089;""20300"";""MBG0095"";""BU0363MM01"";""2024JJ00"";""Amsterdam                               "";""Buurt   "";""BU0363MM01"";""37"""
"191092;""20300"";""MBG0095"";""BU0363MM02"";""2020JJ00"";""Amsterdam                               "";""Buurt   "";""BU0363MM02"";""40.1"""
"191093;""20300"";""MBG0095"";""BU0363MM02"";""2022JJ00"";""Amsterdam                               "";""Buurt   "";""BU0363MM02"";""44.3"""
"191094;""20300"";""MBG0095"";""BU0363MM02"";""2024JJ00"";""Amsterdam                               "";""Buurt   "";""BU0363MM02"";""32.3"""
"191097;""20300"";""MBG0095"";""BU0363MM03"";""2020JJ00"";""Amsterdam                               "";""Buurt   "";""BU0363MM03"";""20.9"""
"191098;""20300"";""MBG0095"";""BU0363MM03"";""2022JJ00"";""Amsterdam                               "";""Buurt   "";""BU0363MM03"";""26.4"""
"191099;""20300"";""MBG0095"";""BU0363MM03"";""2024JJ00"";""Amsterdam                               "";""Buurt   "";""BU0363MM03"";""21.7"""
"191102;""20300"";""MBG0095"";""BU0363MM04"";""2020JJ00"";""Amsterdam                               "";""Buurt   "";""BU0363MM04"";""16.8"""
"191103;""20300"";""MBG0095"";""BU0363MM04"";""2022JJ00"";""Amsterdam                               "";""Buurt   "";""BU0363MM04"";""23.5"""
"191104;""20300"";""MBG0095"";""BU0363MM04"";""2024JJ00"";""Amsterdam                               "";""Buurt   "";""BU0363MM04"";""19.6"""
"191107;""20300"";""MBG0095"";""BU0363MM05"";""2020JJ00"";""Amsterdam                               "";""Buurt   "";""BU0363MM05"";"
"191108;""20300"";""MBG0095"";""BU0363MM05"";""2022JJ00"";""Amsterdam                               "";""Buurt   "";""BU0363MM05"";"
"191109;""20300"";""MBG0095"";""BU0363MM05"";""2024JJ00"";""Amsterdam                               "";""Buurt   "";""BU0363MM05"";"
"191112;""20300"";""MBG0095"";""BU0363MM06"";""2020JJ00"";""Amsterdam                               "";""Buurt   "";""BU0363MM06"";""37"""
"191113;""20300"";""MBG0095"";""BU0363MM06"";""2022JJ00"";""Amsterdam                               "";""Buurt   "";""BU0363MM06"";""49.6"""
"191114;""20300"";""MBG0095"";""BU0363MM06"";""2024JJ00"";""Amsterdam                               "";""Buurt   "";""BU0363MM06"";""40.5"""
"191117;""20300"";""MBG0095"";""BU0363MM07"";""2020JJ00"";""Amsterdam                               "";""Buurt   "";""BU0363MM07"";""21.1"""
"191118;""20300"";""MBG0095"";""BU0363MM07"";""2022JJ00"";""Amsterdam                               "";""Buurt   "";""BU0363MM07"";""26.7"""
"191119;""20300"";""MBG0095"";""BU0363MM07"";""2024JJ00"";""Amsterdam                               "";""Buurt   "";""BU0363MM07"";""21"""
"191122;""20300"";""MBG0095"";""BU0363MM08"";""2020JJ00"";""Amsterdam                               "";""Buurt   "";""BU0363MM08"";""26.2"""
"191123;""20300"";""MBG0095"";""BU0363MM08"";""2022JJ00"";""Amsterdam                               "";""Buurt   "";""BU0363MM08"";""33.6"""
"191124;""20300"";""MBG0095"";""BU0363MM08"";""2024JJ00"";""Amsterdam                               "";""Buurt   "";""BU0363MM08"";""26.2"""
"191127;""20300"";""MBG0095"";""WK0363MN  "";""2020JJ00"";""Amsterdam                               "";""Wijk    "";""WK0363MN  "";""18.9"""
"191128;""20300"";""MBG0095"";""WK0363MN  "";""2022JJ00"";""Amsterdam                               "";""Wijk    "";""WK0363MN  "";""25.2"""
"191129;""20300"";""MBG0095"";""WK0363MN  "";""2024JJ00"";""Amsterdam                               "";""Wijk    "";""WK0363MN  "";""19.8"""
"191132;""20300"";""MBG0095"";""BU0363MN01"";""2020JJ00"";""Amsterdam                               "";""Buurt   "";""BU0363MN01"";""17.2"""
"191133;""20300"";""MBG0095"";""BU0363MN01"";""2022JJ00"";""Amsterdam                               "";""Buurt   "";""BU0363MN01"";""23.9"""
"191134;""20300"";""MBG0095"";""BU0363MN01"";""2024JJ00"";""Amsterdam                               "";""Buurt   "";""BU0363MN01"";""19.7"""
"191137;""20300"";""MBG0095"";""BU0363MN02"";""2020JJ00"";""Amsterdam                               "";""Buurt   "";""BU0363MN02"";""17.6"""
"191138;""20300"";""MBG0095"";""BU0363MN02"";""2022JJ00"";""Amsterdam                               "";""Buurt   "";""BU0363MN02"";""23.1"""
"191139;""20300"";""MBG0095"";""BU0363MN02"";""2024JJ00"";""Amsterdam                               "";""Buurt   "";""BU0363MN02"";""19.2"""
"191142;""20300"";""MBG0095"";""BU0363MN03"";""2020JJ00"";""Amsterdam                               "";""Buurt   "";""BU0363MN03"";""19.2"""
"191143;""20300"";""MBG0095"";""BU0363MN03"";""2022JJ00"";""Amsterdam                               "";""Buurt   "";""BU0363MN03"";""22.7"""
"191144;""20300"";""MBG0095"";""BU0363MN03"";""2024JJ00"";""Amsterdam                               "";""Buurt   "";""BU0363MN03"";""18.1"""
"191147;""20300"";""MBG0095"";""BU0363MN04"";""2020JJ00"";""Amsterdam                               "";""Buurt   "";""BU0363MN04"";""24.7"""
"191148;""20300"";""MBG0095"";""BU0363MN04"";""2022JJ00"";""Amsterdam                               "";""Buurt   "";""BU0363MN04"";""33.4"""
"191149;""20300"";""MBG0095"";""BU0363MN04"";""2024JJ00"";""Amsterdam                               "";""Buurt   "";""BU0363MN04"";""25.6"""
"191152;""20300"";""MBG0095"";""BU0363MN05"";""2020JJ00"";""Amsterdam                               "";""Buurt   "";""BU0363MN05"";""46.1"""
"191153;""20300"";""MBG0095"";""BU0363MN05"";""2022JJ00"";""Amsterdam                               "";""Buurt   "";""BU0363MN05"";""57.2"""
"191154;""20300"";""MBG0095"";""BU0363MN05"";""2024JJ00"";""Amsterdam                               "";""Buurt   "";""BU0363MN05"";""52.1"""
"191157;""20300"";""MBG0095"";""BU0363MN06"";""2020JJ00"";""Amsterdam                               "";""Buurt   "";""BU0363MN06"";""13.1"""
"191158;""20300"";""MBG0095"";""BU0363MN06"";""2022JJ00"";""Amsterdam                               "";""Buurt   "";""BU0363MN06"";""18.4"""
"191159;""20300"";""MBG0095"";""BU0363MN06"";""2024JJ00"";""Amsterdam                               "";""Buurt   "";""BU0363MN06"";""13.3"""
"191162;""20300"";""MBG0095"";""BU0363MN07"";""2020JJ00"";""Amsterdam                               "";""Buurt   "";""BU0363MN07"";""53.4"""
"191163;""20300"";""MBG0095"";""BU0363MN07"";""2022JJ00"";""Amsterdam                               "";""Buurt   "";""BU0363MN07"";""66.4"""
"191164;""20300"";""MBG0095"";""BU0363MN07"";""2024JJ00"";""Amsterdam                               "";""Buurt   "";""BU0363MN07"";""51"""
"191167;""20300"";""MBG0095"";""BU0363MN08"";""2020JJ00"";""Amsterdam                               "";""Buurt   "";""BU0363MN08"";""17"""
"191168;""20300"";""MBG0095"";""BU0363MN08"";""2022JJ00"";""Amsterdam                               "";""Buurt   "";""BU0363MN08"";""22"""
"191169;""20300"";""MBG0095"";""BU0363MN08"";""2024JJ00"";""Amsterdam                               "";""Buurt   "";""BU0363MN08"";""16.7"""
"191172;""20300"";""MBG0095"";""BU0363MN09"";""2020JJ00"";""Amsterdam                               "";""Buurt   "";""BU0363MN09"";"
"191173;""20300"";""MBG0095"";""BU0363MN09"";""2022JJ00"";""Amsterdam                               "";""Buurt   "";""BU0363MN09"";"
"191174;""20300"";""MBG0095"";""BU0363MN09"";""2024JJ00"";""Amsterdam                               "";""Buurt   "";""BU0363MN09"";"
"191177;""20300"";""MBG0095"";""WK0363MP  "";""2020JJ00"";""Amsterdam                               "";""Wijk    "";""WK0363MP  "";""29.3"""
"191178;""20300"";""MBG0095"";""WK0363MP  "";""2022JJ00"";""Amsterdam                               "";""Wijk    "";""WK0363MP  "";""38.3"""
"191179;""20300"";""MBG0095"";""WK0363MP  "";""2024JJ00"";""Amsterdam                               "";""Wijk    "";""WK0363MP  "";""28.8"""
"191182;""20300"";""MBG0095"";""BU0363MP01"";""2020JJ00"";""Amsterdam                               "";""Buurt   "";""BU0363MP01"";"
"191183;""20300"";""MBG0095"";""BU0363MP01"";""2022JJ00"";""Amsterdam                               "";""Buurt   "";""BU0363MP01"";"
"191184;""20300"";""MBG0095"";""BU0363MP01"";""2024JJ00"";""Amsterdam                               "";""Buurt   "";""BU0363MP01"";"
"191187;""20300"";""MBG0095"";""BU0363MP02"";""2020JJ00"";""Amsterdam                               "";""Buurt   "";""BU0363MP02"";"
"191188;""20300"";""MBG0095"";""BU0363MP02"";""2022JJ00"";""Amsterdam                               "";""Buurt   "";""BU0363MP02"";"
"191189;""20300"";""MBG0095"";""BU0363MP02"";""2024JJ00"";""Amsterdam                               "";""Buurt   "";""BU0363MP02"";"
"191192;""20300"";""MBG0095"";""BU0363MP03"";""2020JJ00"";""Amsterdam                               "";""Buurt   "";""BU0363MP03"";""29.3"""
"191193;""20300"";""MBG0095"";""BU0363MP03"";""2022JJ00"";""Amsterdam                               "";""Buurt   "";""BU0363MP03"";""38.3"""
"191194;""20300"";""MBG0095"";""BU0363MP03"";""2024JJ00"";""Amsterdam                               "";""Buurt   "";""BU0363MP03"";""28.8"""
"191197;""20300"";""MBG0095"";""WK0363MQ  "";""2020JJ00"";""Amsterdam                               "";""Wijk    "";""WK0363MQ  "";""20.1"""
"191198;""20300"";""MBG0095"";""WK0363MQ  "";""2022JJ00"";""Amsterdam                               "";""Wijk    "";""WK0363MQ  "";""26.5"""
"191199;""20300"";""MBG0095"";""WK0363MQ  "";""2024JJ00"";""Amsterdam                               "";""Wijk    "";""WK0363MQ  "";""22.3"""
"191202;""20300"";""MBG0095"";""BU0363MQ01"";""2020JJ00"";""Amsterdam                               "";""Buurt   "";""BU0363MQ01"";""12.2"""
"191203;""20300"";""MBG0095"";""BU0363MQ01"";""2022JJ00"";""Amsterdam                               "";""Buurt   "";""BU0363MQ01"";""17.8"""
"191204;""20300"";""MBG0095"";""BU0363MQ01"";""2024JJ00"";""Amsterdam                               "";""Buurt   "";""BU0363MQ01"";""16.3"""
"191207;""20300"";""MBG0095"";""BU0363MQ02"";""2020JJ00"";""Amsterdam                               "";""Buurt   "";""BU0363MQ02"";"
"191208;""20300"";""MBG0095"";""BU0363MQ02"";""2022JJ00"";""Amsterdam                               "";""Buurt   "";""BU0363MQ02"";"
"191209;""20300"";""MBG0095"";""BU0363MQ02"";""2024JJ00"";""Amsterdam                               "";""Buurt   "";""BU0363MQ02"";"
"191212;""20300"";""MBG0095"";""BU0363MQ03"";""2020JJ00"";""Amsterdam                               "";""Buurt   "";""BU0363MQ03"";"
"191213;""20300"";""MBG0095"";""BU0363MQ03"";""2022JJ00"";""Amsterdam                               "";""Buurt   "";""BU0363MQ03"";"
"191214;""20300"";""MBG0095"";""BU0363MQ03"";""2024JJ00"";""Amsterdam                               "";""Buurt   "";""BU0363MQ03"";"
"191217;""20300"";""MBG0095"";""BU0363MQ04"";""2020JJ00"";""Amsterdam                               "";""Buurt   "";""BU0363MQ04"";""33.8"""
"191218;""20300"";""MBG0095"";""BU0363MQ04"";""2022JJ00"";""Amsterdam                               "";""Buurt   "";""BU0363MQ04"";""42.2"""
"191219;""20300"";""MBG0095"";""BU0363MQ04"";""2024JJ00"";""Amsterdam                               "";""Buurt   "";""BU0363MQ04"";""31.7"""
"191222;""20300"";""MBG0095"";""BU0363MQ05"";""2020JJ00"";""Amsterdam                               "";""Buurt   "";""BU0363MQ05"";""20.2"""
"191223;""20300"";""MBG0095"";""BU0363MQ05"";""2022JJ00"";""Amsterdam                               "";""Buurt   "";""BU0363MQ05"";""26.3"""
"191224;""20300"";""MBG0095"";""BU0363MQ05"";""2024JJ00"";""Amsterdam                               "";""Buurt   "";""BU0363MQ05"";""22.2"""
"191227;""20300"";""MBG0095"";""BU0363MQ06"";""2020JJ00"";""Amsterdam                               "";""Buurt   "";""BU0363MQ06"";"
"191228;""20300"";""MBG0095"";""BU0363MQ06"";""2022JJ00"";""Amsterdam                               "";""Buurt   "";""BU0363MQ06"";"
"191229;""20300"";""MBG0095"";""BU0363MQ06"";""2024JJ00"";""Amsterdam                               "";""Buurt   "";""BU0363MQ06"";"
"191232;""20300"";""MBG0095"";""BU0363MQ07"";""2020JJ00"";""Amsterdam                               "";""Buurt   "";""BU0363MQ07"";""19.2"""
"191233;""20300"";""MBG0095"";""BU0363MQ07"";""2022JJ00"";""Amsterdam                               "";""Buurt   "";""BU0363MQ07"";""26.3"""
"191234;""20300"";""MBG0095"";""BU0363MQ07"";""2024JJ00"";""Amsterdam                               "";""Buurt   "";""BU0363MQ07"";""26.5"""
"191237;""20300"";""MBG0095"";""WK0363NA  "";""2020JJ00"";""Amsterdam                               "";""Wijk    "";""WK0363NA  "";""22.4"""
"191238;""20300"";""MBG0095"";""WK0363NA  "";""2022JJ00"";""Amsterdam                               "";""Wijk    "";""WK0363NA  "";""29.4"""
"191239;""20300"";""MBG0095"";""WK0363NA  "";""2024JJ00"";""Amsterdam                               "";""Wijk    "";""WK0363NA  "";""22.5"""
"191242;""20300"";""MBG0095"";""BU0363NA01"";""2020JJ00"";""Amsterdam                               "";""Buurt   "";""BU0363NA01"";""17.1"""
"191243;""20300"";""MBG0095"";""BU0363NA01"";""2022JJ00"";""Amsterdam                               "";""Buurt   "";""BU0363NA01"";""21.3"""
"191244;""20300"";""MBG0095"";""BU0363NA01"";""2024JJ00"";""Amsterdam                               "";""Buurt   "";""BU0363NA01"";""16.5"""
"191247;""20300"";""MBG0095"";""BU0363NA02"";""2020JJ00"";""Amsterdam                               "";""Buurt   "";""BU0363NA02"";""32.9"""
"191248;""20300"";""MBG0095"";""BU0363NA02"";""2022JJ00"";""Amsterdam                               "";""Buurt   "";""BU0363NA02"";""39.1"""
"191249;""20300"";""MBG0095"";""BU0363NA02"";""2024JJ00"";""Amsterdam                               "";""Buurt   "";""BU0363NA02"";""36.1"""
"191252;""20300"";""MBG0095"";""BU0363NA03"";""2020JJ00"";""Amsterdam                               "";""Buurt   "";""BU0363NA03"";""20.6"""
"191253;""20300"";""MBG0095"";""BU0363NA03"";""2022JJ00"";""Amsterdam                               "";""Buurt   "";""BU0363NA03"";""24.6"""
"191254;""20300"";""MBG0095"";""BU0363NA03"";""2024JJ00"";""Amsterdam                               "";""Buurt   "";""BU0363NA03"";""18.4"""
"191257;""20300"";""MBG0095"";""BU0363NA04"";""2020JJ00"";""Amsterdam                               "";""Buurt   "";""BU0363NA04"";""16.6"""
"191258;""20300"";""MBG0095"";""BU0363NA04"";""2022JJ00"";""Amsterdam                               "";""Buurt   "";""BU0363NA04"";""20.7"""
"191259;""20300"";""MBG0095"";""BU0363NA04"";""2024JJ00"";""Amsterdam                               "";""Buurt   "";""BU0363NA04"";""16.2"""
"191262;""20300"";""MBG0095"";""BU0363NA05"";""2020JJ00"";""Amsterdam                               "";""Buurt   "";""BU0363NA05"";""17"""
"191263;""20300"";""MBG0095"";""BU0363NA05"";""2022JJ00"";""Amsterdam                               "";""Buurt   "";""BU0363NA05"";""18.5"""
"191264;""20300"";""MBG0095"";""BU0363NA05"";""2024JJ00"";""Amsterdam                               "";""Buurt   "";""BU0363NA05"";""15.7"""
"191267;""20300"";""MBG0095"";""BU0363NA06"";""2020JJ00"";""Amsterdam                               "";""Buurt   "";""BU0363NA06"";""22.7"""
"191268;""20300"";""MBG0095"";""BU0363NA06"";""2022JJ00"";""Amsterdam                               "";""Buurt   "";""BU0363NA06"";""29.2"""
"191269;""20300"";""MBG0095"";""BU0363NA06"";""2024JJ00"";""Amsterdam                               "";""Buurt   "";""BU0363NA06"";""22.2"""
"191272;""20300"";""MBG0095"";""BU0363NA07"";""2020JJ00"";""Amsterdam                               "";""Buurt   "";""BU0363NA07"";""32.8"""
"191273;""20300"";""MBG0095"";""BU0363NA07"";""2022JJ00"";""Amsterdam                               "";""Buurt   "";""BU0363NA07"";""44.4"""
"191274;""20300"";""MBG0095"";""BU0363NA07"";""2024JJ00"";""Amsterdam                               "";""Buurt   "";""BU0363NA07"";""34.2"""
"191277;""20300"";""MBG0095"";""WK0363NB  "";""2020JJ00"";""Amsterdam                               "";""Wijk    "";""WK0363NB  "";""25.7"""
"191278;""20300"";""MBG0095"";""WK0363NB  "";""2022JJ00"";""Amsterdam                               "";""Wijk    "";""WK0363NB  "";""34.1"""
"191279;""20300"";""MBG0095"";""WK0363NB  "";""2024JJ00"";""Amsterdam                               "";""Wijk    "";""WK0363NB  "";""20.7"""
"191282;""20300"";""MBG0095"";""BU0363NB01"";""2020JJ00"";""Amsterdam                               "";""Buurt   "";""BU0363NB01"";"
"191283;""20300"";""MBG0095"";""BU0363NB01"";""2022JJ00"";""Amsterdam                               "";""Buurt   "";""BU0363NB01"";"
"191284;""20300"";""MBG0095"";""BU0363NB01"";""2024JJ00"";""Amsterdam                               "";""Buurt   "";""BU0363NB01"";"
"191287;""20300"";""MBG0095"";""BU0363NB02"";""2020JJ00"";""Amsterdam                               "";""Buurt   "";""BU0363NB02"";"
"191288;""20300"";""MBG0095"";""BU0363NB02"";""2022JJ00"";""Amsterdam                               "";""Buurt   "";""BU0363NB02"";"
"191289;""20300"";""MBG0095"";""BU0363NB02"";""2024JJ00"";""Amsterdam                               "";""Buurt   "";""BU0363NB02"";"
"191292;""20300"";""MBG0095"";""BU0363NB03"";""2020JJ00"";""Amsterdam                               "";""Buurt   "";""BU0363NB03"";""32.7"""
"191293;""20300"";""MBG0095"";""BU0363NB03"";""2022JJ00"";""Amsterdam                               "";""Buurt   "";""BU0363NB03"";""51.7"""
"191294;""20300"";""MBG0095"";""BU0363NB03"";""2024JJ00"";""Amsterdam                               "";""Buurt   "";""BU0363NB03"";""26.8"""
"191297;""20300"";""MBG0095"";""BU0363NB04"";""2020JJ00"";""Amsterdam                               "";""Buurt   "";""BU0363NB04"";""35.3"""
"191298;""20300"";""MBG0095"";""BU0363NB04"";""2022JJ00"";""Amsterdam                               "";""Buurt   "";""BU0363NB04"";""35.8"""
"191299;""20300"";""MBG0095"";""BU0363NB04"";""2024JJ00"";""Amsterdam                               "";""Buurt   "";""BU0363NB04"";""22.9"""
"191302;""20300"";""MBG0095"";""BU0363NB05"";""2020JJ00"";""Amsterdam                               "";""Buurt   "";""BU0363NB05"";""15.5"""
"191303;""20300"";""MBG0095"";""BU0363NB05"";""2022JJ00"";""Amsterdam                               "";""Buurt   "";""BU0363NB05"";""19.6"""
"191304;""20300"";""MBG0095"";""BU0363NB05"";""2024JJ00"";""Amsterdam                               "";""Buurt   "";""BU0363NB05"";""16.9"""
"191307;""20300"";""MBG0095"";""BU0363NB06"";""2020JJ00"";""Amsterdam                               "";""Buurt   "";""BU0363NB06"";"
"191308;""20300"";""MBG0095"";""BU0363NB06"";""2022JJ00"";""Amsterdam                               "";""Buurt   "";""BU0363NB06"";"
"191309;""20300"";""MBG0095"";""BU0363NB06"";""2024JJ00"";""Amsterdam                               "";""Buurt   "";""BU0363NB06"";"
"191312;""20300"";""MBG0095"";""BU0363NB07"";""2020JJ00"";""Amsterdam                               "";""Buurt   "";""BU0363NB07"";""22.8"""
"191313;""20300"";""MBG0095"";""BU0363NB07"";""2022JJ00"";""Amsterdam                               "";""Buurt   "";""BU0363NB07"";""27"""
"191314;""20300"";""MBG0095"";""BU0363NB07"";""2024JJ00"";""Amsterdam                               "";""Buurt   "";""BU0363NB07"";""18.1"""
"191317;""20300"";""MBG0095"";""WK0363NC  "";""2020JJ00"";""Amsterdam                               "";""Wijk    "";""WK0363NC  "";""26.9"""
"191318;""20300"";""MBG0095"";""WK0363NC  "";""2022JJ00"";""Amsterdam                               "";""Wijk    "";""WK0363NC  "";""33"""
"191319;""20300"";""MBG0095"";""WK0363NC  "";""2024JJ00"";""Amsterdam                               "";""Wijk    "";""WK0363NC  "";""23.8"""
"191322;""20300"";""MBG0095"";""BU0363NC01"";""2020JJ00"";""Amsterdam                               "";""Buurt   "";""BU0363NC01"";""26.3"""
"191323;""20300"";""MBG0095"";""BU0363NC01"";""2022JJ00"";""Amsterdam                               "";""Buurt   "";""BU0363NC01"";""32.9"""
"191324;""20300"";""MBG0095"";""BU0363NC01"";""2024JJ00"";""Amsterdam                               "";""Buurt   "";""BU0363NC01"";""24.9"""
"191327;""20300"";""MBG0095"";""BU0363NC02"";""2020JJ00"";""Amsterdam                               "";""Buurt   "";""BU0363NC02"";""27.7"""
"191328;""20300"";""MBG0095"";""BU0363NC02"";""2022JJ00"";""Amsterdam                               "";""Buurt   "";""BU0363NC02"";""34.6"""
"191329;""20300"";""MBG0095"";""BU0363NC02"";""2024JJ00"";""Amsterdam                               "";""Buurt   "";""BU0363NC02"";""26.4"""
"191332;""20300"";""MBG0095"";""BU0363NC03"";""2020JJ00"";""Amsterdam                               "";""Buurt   "";""BU0363NC03"";""28.7"""
"191333;""20300"";""MBG0095"";""BU0363NC03"";""2022JJ00"";""Amsterdam                               "";""Buurt   "";""BU0363NC03"";""36.7"""
"191334;""20300"";""MBG0095"";""BU0363NC03"";""2024JJ00"";""Amsterdam                               "";""Buurt   "";""BU0363NC03"";""26.9"""
"191337;""20300"";""MBG0095"";""BU0363NC04"";""2020JJ00"";""Amsterdam                               "";""Buurt   "";""BU0363NC04"";""30"""
"191338;""20300"";""MBG0095"";""BU0363NC04"";""2022JJ00"";""Amsterdam                               "";""Buurt   "";""BU0363NC04"";""27.7"""
"191339;""20300"";""MBG0095"";""BU0363NC04"";""2024JJ00"";""Amsterdam                               "";""Buurt   "";""BU0363NC04"";""18.1"""
"191342;""20300"";""MBG0095"";""WK0363ND  "";""2020JJ00"";""Amsterdam                               "";""Wijk    "";""WK0363ND  "";""17.7"""
"191343;""20300"";""MBG0095"";""WK0363ND  "";""2022JJ00"";""Amsterdam                               "";""Wijk    "";""WK0363ND  "";""24.6"""
"191344;""20300"";""MBG0095"";""WK0363ND  "";""2024JJ00"";""Amsterdam                               "";""Wijk    "";""WK0363ND  "";""16.3"""
"191347;""20300"";""MBG0095"";""BU0363ND01"";""2020JJ00"";""Amsterdam                               "";""Buurt   "";""BU0363ND01"";""19.7"""
"191348;""20300"";""MBG0095"";""BU0363ND01"";""2022JJ00"";""Amsterdam                               "";""Buurt   "";""BU0363ND01"";""25.6"""
"191349;""20300"";""MBG0095"";""BU0363ND01"";""2024JJ00"";""Amsterdam                               "";""Buurt   "";""BU0363ND01"";""19"""
"191352;""20300"";""MBG0095"";""BU0363ND02"";""2020JJ00"";""Amsterdam                               "";""Buurt   "";""BU0363ND02"";""17.6"""
"191353;""20300"";""MBG0095"";""BU0363ND02"";""2022JJ00"";""Amsterdam                               "";""Buurt   "";""BU0363ND02"";""25"""
"191354;""20300"";""MBG0095"";""BU0363ND02"";""2024JJ00"";""Amsterdam                               "";""Buurt   "";""BU0363ND02"";""15.7"""
"191357;""20300"";""MBG0095"";""WK0363NE  "";""2020JJ00"";""Amsterdam                               "";""Wijk    "";""WK0363NE  "";""29.4"""
"191358;""20300"";""MBG0095"";""WK0363NE  "";""2022JJ00"";""Amsterdam                               "";""Wijk    "";""WK0363NE  "";""38.7"""
"191359;""20300"";""MBG0095"";""WK0363NE  "";""2024JJ00"";""Amsterdam                               "";""Wijk    "";""WK0363NE  "";""26.7"""
"191362;""20300"";""MBG0095"";""BU0363NE01"";""2020JJ00"";""Amsterdam                               "";""Buurt   "";""BU0363NE01"";""33.1"""
"191363;""20300"";""MBG0095"";""BU0363NE01"";""2022JJ00"";""Amsterdam                               "";""Buurt   "";""BU0363NE01"";""48.2"""
"191364;""20300"";""MBG0095"";""BU0363NE01"";""2024JJ00"";""Amsterdam                               "";""Buurt   "";""BU0363NE01"";""32.7"""
"191367;""20300"";""MBG0095"";""BU0363NE02"";""2020JJ00"";""Amsterdam                               "";""Buurt   "";""BU0363NE02"";""31.8"""
"191368;""20300"";""MBG0095"";""BU0363NE02"";""2022JJ00"";""Amsterdam                               "";""Buurt   "";""BU0363NE02"";""41.4"""
"191369;""20300"";""MBG0095"";""BU0363NE02"";""2024JJ00"";""Amsterdam                               "";""Buurt   "";""BU0363NE02"";""28.7"""
"191372;""20300"";""MBG0095"";""BU0363NE03"";""2020JJ00"";""Amsterdam                               "";""Buurt   "";""BU0363NE03"";""33"""
"191373;""20300"";""MBG0095"";""BU0363NE03"";""2022JJ00"";""Amsterdam                               "";""Buurt   "";""BU0363NE03"";""43"""
"191374;""20300"";""MBG0095"";""BU0363NE03"";""2024JJ00"";""Amsterdam                               "";""Buurt   "";""BU0363NE03"";""29.1"""
"191377;""20300"";""MBG0095"";""BU0363NE04"";""2020JJ00"";""Amsterdam                               "";""Buurt   "";""BU0363NE04"";""27"""
"191378;""20300"";""MBG0095"";""BU0363NE04"";""2022JJ00"";""Amsterdam                               "";""Buurt   "";""BU0363NE04"";""33.9"""
"191379;""20300"";""MBG0095"";""BU0363NE04"";""2024JJ00"";""Amsterdam                               "";""Buurt   "";""BU0363NE04"";""23.8"""
"191382;""20300"";""MBG0095"";""BU0363NE05"";""2020JJ00"";""Amsterdam                               "";""Buurt   "";""BU0363NE05"";""9.3"""
"191383;""20300"";""MBG0095"";""BU0363NE05"";""2022JJ00"";""Amsterdam                               "";""Buurt   "";""BU0363NE05"";""15.9"""
"191384;""20300"";""MBG0095"";""BU0363NE05"";""2024JJ00"";""Amsterdam                               "";""Buurt   "";""BU0363NE05"";""9.9"""
"191387;""20300"";""MBG0095"";""BU0363NE06"";""2020JJ00"";""Amsterdam                               "";""Buurt   "";""BU0363NE06"";""26.5"""
"191388;""20300"";""MBG0095"";""BU0363NE06"";""2022JJ00"";""Amsterdam                               "";""Buurt   "";""BU0363NE06"";""31.8"""
"191389;""20300"";""MBG0095"";""BU0363NE06"";""2024JJ00"";""Amsterdam                               "";""Buurt   "";""BU0363NE06"";""25.9"""
"191392;""20300"";""MBG0095"";""WK0363NF  "";""2020JJ00"";""Amsterdam                               "";""Wijk    "";""WK0363NF  "";""10.3"""
"191393;""20300"";""MBG0095"";""WK0363NF  "";""2022JJ00"";""Amsterdam                               "";""Wijk    "";""WK0363NF  "";""12"""
"191394;""20300"";""MBG0095"";""WK0363NF  "";""2024JJ00"";""Amsterdam                               "";""Wijk    "";""WK0363NF  "";""9.9"""
"191397;""20300"";""MBG0095"";""BU0363NF01"";""2020JJ00"";""Amsterdam                               "";""Buurt   "";""BU0363NF01"";""11.7"""
"191398;""20300"";""MBG0095"";""BU0363NF01"";""2022JJ00"";""Amsterdam                               "";""Buurt   "";""BU0363NF01"";""14.8"""
"191399;""20300"";""MBG0095"";""BU0363NF01"";""2024JJ00"";""Amsterdam                               "";""Buurt   "";""BU0363NF01"";""12.2"""
"191402;""20300"";""MBG0095"";""BU0363NF02"";""2020JJ00"";""Amsterdam                               "";""Buurt   "";""BU0363NF02"";""8.2"""
"191403;""20300"";""MBG0095"";""BU0363NF02"";""2022JJ00"";""Amsterdam                               "";""Buurt   "";""BU0363NF02"";""11.9"""
"191404;""20300"";""MBG0095"";""BU0363NF02"";""2024JJ00"";""Amsterdam                               "";""Buurt   "";""BU0363NF02"";""10.8"""
"191407;""20300"";""MBG0095"";""BU0363NF03"";""2020JJ00"";""Amsterdam                               "";""Buurt   "";""BU0363NF03"";""11.5"""
"191408;""20300"";""MBG0095"";""BU0363NF03"";""2022JJ00"";""Amsterdam                               "";""Buurt   "";""BU0363NF03"";""12.7"""
"191409;""20300"";""MBG0095"";""BU0363NF03"";""2024JJ00"";""Amsterdam                               "";""Buurt   "";""BU0363NF03"";""10.6"""
"191412;""20300"";""MBG0095"";""BU0363NF04"";""2020JJ00"";""Amsterdam                               "";""Buurt   "";""BU0363NF04"";""12.7"""
"191413;""20300"";""MBG0095"";""BU0363NF04"";""2022JJ00"";""Amsterdam                               "";""Buurt   "";""BU0363NF04"";""13.5"""
"191414;""20300"";""MBG0095"";""BU0363NF04"";""2024JJ00"";""Amsterdam                               "";""Buurt   "";""BU0363NF04"";""12.1"""
"191417;""20300"";""MBG0095"";""BU0363NF05"";""2020JJ00"";""Amsterdam                               "";""Buurt   "";""BU0363NF05"";"
"191418;""20300"";""MBG0095"";""BU0363NF05"";""2022JJ00"";""Amsterdam                               "";""Buurt   "";""BU0363NF05"";"
"191419;""20300"";""MBG0095"";""BU0363NF05"";""2024JJ00"";""Amsterdam                               "";""Buurt   "";""BU0363NF05"";"
"191422;""20300"";""MBG0095"";""WK0363NG  "";""2020JJ00"";""Amsterdam                               "";""Wijk    "";""WK0363NG  "";""25.9"""
"191423;""20300"";""MBG0095"";""WK0363NG  "";""2022JJ00"";""Amsterdam                               "";""Wijk    "";""WK0363NG  "";""37"""
"191424;""20300"";""MBG0095"";""WK0363NG  "";""2024JJ00"";""Amsterdam                               "";""Wijk    "";""WK0363NG  "";""26.3"""
"191427;""20300"";""MBG0095"";""BU0363NG01"";""2020JJ00"";""Amsterdam                               "";""Buurt   "";""BU0363NG01"";""17.2"""
"191428;""20300"";""MBG0095"";""BU0363NG01"";""2022JJ00"";""Amsterdam                               "";""Buurt   "";""BU0363NG01"";""28.9"""
"191429;""20300"";""MBG0095"";""BU0363NG01"";""2024JJ00"";""Amsterdam                               "";""Buurt   "";""BU0363NG01"";""20"""
"191432;""20300"";""MBG0095"";""BU0363NG02"";""2020JJ00"";""Amsterdam                               "";""Buurt   "";""BU0363NG02"";""56.1"""
"191433;""20300"";""MBG0095"";""BU0363NG02"";""2022JJ00"";""Amsterdam                               "";""Buurt   "";""BU0363NG02"";""57.1"""
"191434;""20300"";""MBG0095"";""BU0363NG02"";""2024JJ00"";""Amsterdam                               "";""Buurt   "";""BU0363NG02"";""41.5"""
"191437;""20300"";""MBG0095"";""BU0363NG03"";""2020JJ00"";""Amsterdam                               "";""Buurt   "";""BU0363NG03"";"
"191438;""20300"";""MBG0095"";""BU0363NG03"";""2022JJ00"";""Amsterdam                               "";""Buurt   "";""BU0363NG03"";"
"191439;""20300"";""MBG0095"";""BU0363NG03"";""2024JJ00"";""Amsterdam                               "";""Buurt   "";""BU0363NG03"";"
"191442;""20300"";""MBG0095"";""WK0363NH  "";""2020JJ00"";""Amsterdam                               "";""Wijk    "";""WK0363NH  "";""28"""
"191443;""20300"";""MBG0095"";""WK0363NH  "";""2022JJ00"";""Amsterdam                               "";""Wijk    "";""WK0363NH  "";""37.6"""
"191444;""20300"";""MBG0095"";""WK0363NH  "";""2024JJ00"";""Amsterdam                               "";""Wijk    "";""WK0363NH  "";""26.8"""
"191447;""20300"";""MBG0095"";""BU0363NH01"";""2020JJ00"";""Amsterdam                               "";""Buurt   "";""BU0363NH01"";""22.3"""
"191448;""20300"";""MBG0095"";""BU0363NH01"";""2022JJ00"";""Amsterdam                               "";""Buurt   "";""BU0363NH01"";""32.1"""
"191449;""20300"";""MBG0095"";""BU0363NH01"";""2024JJ00"";""Amsterdam                               "";""Buurt   "";""BU0363NH01"";""23.9"""
"191452;""20300"";""MBG0095"";""BU0363NH02"";""2020JJ00"";""Amsterdam                               "";""Buurt   "";""BU0363NH02"";""35.4"""
"191453;""20300"";""MBG0095"";""BU0363NH02"";""2022JJ00"";""Amsterdam                               "";""Buurt   "";""BU0363NH02"";""47.4"""
"191454;""20300"";""MBG0095"";""BU0363NH02"";""2024JJ00"";""Amsterdam                               "";""Buurt   "";""BU0363NH02"";""34.3"""
"191457;""20300"";""MBG0095"";""BU0363NH03"";""2020JJ00"";""Amsterdam                               "";""Buurt   "";""BU0363NH03"";""26.7"""
"191458;""20300"";""MBG0095"";""BU0363NH03"";""2022JJ00"";""Amsterdam                               "";""Buurt   "";""BU0363NH03"";""34.4"""
"191459;""20300"";""MBG0095"";""BU0363NH03"";""2024JJ00"";""Amsterdam                               "";""Buurt   "";""BU0363NH03"";""23.7"""
"191462;""20300"";""MBG0095"";""BU0363NH04"";""2020JJ00"";""Amsterdam                               "";""Buurt   "";""BU0363NH04"";""27.1"""
"191463;""20300"";""MBG0095"";""BU0363NH04"";""2022JJ00"";""Amsterdam                               "";""Buurt   "";""BU0363NH04"";""41.6"""
"191464;""20300"";""MBG0095"";""BU0363NH04"";""2024JJ00"";""Amsterdam                               "";""Buurt   "";""BU0363NH04"";""28.2"""
"191467;""20300"";""MBG0095"";""BU0363NH05"";""2020JJ00"";""Amsterdam                               "";""Buurt   "";""BU0363NH05"";""32.8"""
"191468;""20300"";""MBG0095"";""BU0363NH05"";""2022JJ00"";""Amsterdam                               "";""Buurt   "";""BU0363NH05"";""40.6"""
"191469;""20300"";""MBG0095"";""BU0363NH05"";""2024JJ00"";""Amsterdam                               "";""Buurt   "";""BU0363NH05"";""30.7"""
"191472;""20300"";""MBG0095"";""BU0363NH06"";""2020JJ00"";""Amsterdam                               "";""Buurt   "";""BU0363NH06"";""12.2"""
"191473;""20300"";""MBG0095"";""BU0363NH06"";""2022JJ00"";""Amsterdam                               "";""Buurt   "";""BU0363NH06"";""14.2"""
"191474;""20300"";""MBG0095"";""BU0363NH06"";""2024JJ00"";""Amsterdam                               "";""Buurt   "";""BU0363NH06"";""12.6"""
"191477;""20300"";""MBG0095"";""WK0363NJ  "";""2020JJ00"";""Amsterdam                               "";""Wijk    "";""WK0363NJ  "";""30.6"""
"191478;""20300"";""MBG0095"";""WK0363NJ  "";""2022JJ00"";""Amsterdam                               "";""Wijk    "";""WK0363NJ  "";""39.7"""
"191479;""20300"";""MBG0095"";""WK0363NJ  "";""2024JJ00"";""Amsterdam                               "";""Wijk    "";""WK0363NJ  "";""28.4"""
"191482;""20300"";""MBG0095"";""BU0363NJ01"";""2020JJ00"";""Amsterdam                               "";""Buurt   "";""BU0363NJ01"";""18.6"""
"191483;""20300"";""MBG0095"";""BU0363NJ01"";""2022JJ00"";""Amsterdam                               "";""Buurt   "";""BU0363NJ01"";""25.5"""
"191484;""20300"";""MBG0095"";""BU0363NJ01"";""2024JJ00"";""Amsterdam                               "";""Buurt   "";""BU0363NJ01"";""20.6"""
"191487;""20300"";""MBG0095"";""BU0363NJ02"";""2020JJ00"";""Amsterdam                               "";""Buurt   "";""BU0363NJ02"";""34.2"""
"191488;""20300"";""MBG0095"";""BU0363NJ02"";""2022JJ00"";""Amsterdam                               "";""Buurt   "";""BU0363NJ02"";""44.9"""
"191489;""20300"";""MBG0095"";""BU0363NJ02"";""2024JJ00"";""Amsterdam                               "";""Buurt   "";""BU0363NJ02"";""30.9"""
"191492;""20300"";""MBG0095"";""BU0363NJ03"";""2020JJ00"";""Amsterdam                               "";""Buurt   "";""BU0363NJ03"";""32.8"""
"191493;""20300"";""MBG0095"";""BU0363NJ03"";""2022JJ00"";""Amsterdam                               "";""Buurt   "";""BU0363NJ03"";""43.3"""
"191494;""20300"";""MBG0095"";""BU0363NJ03"";""2024JJ00"";""Amsterdam                               "";""Buurt   "";""BU0363NJ03"";""32.3"""
"191497;""20300"";""MBG0095"";""BU0363NJ04"";""2020JJ00"";""Amsterdam                               "";""Buurt   "";""BU0363NJ04"";""16.8"""
"191498;""20300"";""MBG0095"";""BU0363NJ04"";""2022JJ00"";""Amsterdam                               "";""Buurt   "";""BU0363NJ04"";""23.9"""
"191499;""20300"";""MBG0095"";""BU0363NJ04"";""2024JJ00"";""Amsterdam                               "";""Buurt   "";""BU0363NJ04"";""18.3"""
"191502;""20300"";""MBG0095"";""BU0363NJ05"";""2020JJ00"";""Amsterdam                               "";""Buurt   "";""BU0363NJ05"";""33.1"""
"191503;""20300"";""MBG0095"";""BU0363NJ05"";""2022JJ00"";""Amsterdam                               "";""Buurt   "";""BU0363NJ05"";""41"""
"191504;""20300"";""MBG0095"";""BU0363NJ05"";""2024JJ00"";""Amsterdam                               "";""Buurt   "";""BU0363NJ05"";""29.9"""
"191507;""20300"";""MBG0095"";""BU0363NJ06"";""2020JJ00"";""Amsterdam                               "";""Buurt   "";""BU0363NJ06"";""30.4"""
"191508;""20300"";""MBG0095"";""BU0363NJ06"";""2022JJ00"";""Amsterdam                               "";""Buurt   "";""BU0363NJ06"";""39.3"""
"191509;""20300"";""MBG0095"";""BU0363NJ06"";""2024JJ00"";""Amsterdam                               "";""Buurt   "";""BU0363NJ06"";""30"""
"191512;""20300"";""MBG0095"";""WK0363NK  "";""2020JJ00"";""Amsterdam                               "";""Wijk    "";""WK0363NK  "";""34.4"""
"191513;""20300"";""MBG0095"";""WK0363NK  "";""2022JJ00"";""Amsterdam                               "";""Wijk    "";""WK0363NK  "";""45.4"""
"191514;""20300"";""MBG0095"";""WK0363NK  "";""2024JJ00"";""Amsterdam                               "";""Wijk    "";""WK0363NK  "";""32.5"""
"191517;""20300"";""MBG0095"";""BU0363NK01"";""2020JJ00"";""Amsterdam                               "";""Buurt   "";""BU0363NK01"";""30"""
"191518;""20300"";""MBG0095"";""BU0363NK01"";""2022JJ00"";""Amsterdam                               "";""Buurt   "";""BU0363NK01"";""37.2"""
"191519;""20300"";""MBG0095"";""BU0363NK01"";""2024JJ00"";""Amsterdam                               "";""Buurt   "";""BU0363NK01"";""27.6"""
"191522;""20300"";""MBG0095"";""BU0363NK02"";""2020JJ00"";""Amsterdam                               "";""Buurt   "";""BU0363NK02"";""35.6"""
"191523;""20300"";""MBG0095"";""BU0363NK02"";""2022JJ00"";""Amsterdam                               "";""Buurt   "";""BU0363NK02"";""45.7"""
"191524;""20300"";""MBG0095"";""BU0363NK02"";""2024JJ00"";""Amsterdam                               "";""Buurt   "";""BU0363NK02"";""33.1"""
"191527;""20300"";""MBG0095"";""BU0363NK03"";""2020JJ00"";""Amsterdam                               "";""Buurt   "";""BU0363NK03"";""38.4"""
"191528;""20300"";""MBG0095"";""BU0363NK03"";""2022JJ00"";""Amsterdam                               "";""Buurt   "";""BU0363NK03"";""50.6"""
"191529;""20300"";""MBG0095"";""BU0363NK03"";""2024JJ00"";""Amsterdam                               "";""Buurt   "";""BU0363NK03"";""36.2"""
"191532;""20300"";""MBG0095"";""WK0363NL  "";""2020JJ00"";""Amsterdam                               "";""Wijk    "";""WK0363NL  "";""32.9"""
"191533;""20300"";""MBG0095"";""WK0363NL  "";""2022JJ00"";""Amsterdam                               "";""Wijk    "";""WK0363NL  "";""43"""
"191534;""20300"";""MBG0095"";""WK0363NL  "";""2024JJ00"";""Amsterdam                               "";""Wijk    "";""WK0363NL  "";""30.6"""
"191537;""20300"";""MBG0095"";""BU0363NL01"";""2020JJ00"";""Amsterdam                               "";""Buurt   "";""BU0363NL01"";""36.1"""
"191538;""20300"";""MBG0095"";""BU0363NL01"";""2022JJ00"";""Amsterdam                               "";""Buurt   "";""BU0363NL01"";""43.1"""
"191539;""20300"";""MBG0095"";""BU0363NL01"";""2024JJ00"";""Amsterdam                               "";""Buurt   "";""BU0363NL01"";""32.3"""
"191542;""20300"";""MBG0095"";""BU0363NL02"";""2020JJ00"";""Amsterdam                               "";""Buurt   "";""BU0363NL02"";""18.2"""
"191543;""20300"";""MBG0095"";""BU0363NL02"";""2022JJ00"";""Amsterdam                               "";""Buurt   "";""BU0363NL02"";""23.3"""
"191544;""20300"";""MBG0095"";""BU0363NL02"";""2024JJ00"";""Amsterdam                               "";""Buurt   "";""BU0363NL02"";""15.1"""
"191547;""20300"";""MBG0095"";""BU0363NL03"";""2020JJ00"";""Amsterdam                               "";""Buurt   "";""BU0363NL03"";""36.1"""
"191548;""20300"";""MBG0095"";""BU0363NL03"";""2022JJ00"";""Amsterdam                               "";""Buurt   "";""BU0363NL03"";""44.9"""
"191549;""20300"";""MBG0095"";""BU0363NL03"";""2024JJ00"";""Amsterdam                               "";""Buurt   "";""BU0363NL03"";""32.9"""
"191552;""20300"";""MBG0095"";""BU0363NL04"";""2020JJ00"";""Amsterdam                               "";""Buurt   "";""BU0363NL04"";""31.4"""
"191553;""20300"";""MBG0095"";""BU0363NL04"";""2022JJ00"";""Amsterdam                               "";""Buurt   "";""BU0363NL04"";""44.1"""
"191554;""20300"";""MBG0095"";""BU0363NL04"";""2024JJ00"";""Amsterdam                               "";""Buurt   "";""BU0363NL04"";""30.5"""
"191557;""20300"";""MBG0095"";""WK0363NM  "";""2020JJ00"";""Amsterdam                               "";""Wijk    "";""WK0363NM  "";""30.1"""
"191558;""20300"";""MBG0095"";""WK0363NM  "";""2022JJ00"";""Amsterdam                               "";""Wijk    "";""WK0363NM  "";""39.1"""
"191559;""20300"";""MBG0095"";""WK0363NM  "";""2024JJ00"";""Amsterdam                               "";""Wijk    "";""WK0363NM  "";""29"""
"191562;""20300"";""MBG0095"";""BU0363NM01"";""2020JJ00"";""Amsterdam                               "";""Buurt   "";""BU0363NM01"";""30.1"""
"191563;""20300"";""MBG0095"";""BU0363NM01"";""2022JJ00"";""Amsterdam                               "";""Buurt   "";""BU0363NM01"";""39.1"""
"191564;""20300"";""MBG0095"";""BU0363NM01"";""2024JJ00"";""Amsterdam                               "";""Buurt   "";""BU0363NM01"";""29"""
"191567;""20300"";""MBG0095"";""WK0363NN  "";""2020JJ00"";""Amsterdam                               "";""Wijk    "";""WK0363NN  "";""26.4"""
"191568;""20300"";""MBG0095"";""WK0363NN  "";""2022JJ00"";""Amsterdam                               "";""Wijk    "";""WK0363NN  "";""34"""
"191569;""20300"";""MBG0095"";""WK0363NN  "";""2024JJ00"";""Amsterdam                               "";""Wijk    "";""WK0363NN  "";""26"""
"191572;""20300"";""MBG0095"";""BU0363NN01"";""2020JJ00"";""Amsterdam                               "";""Buurt   "";""BU0363NN01"";""25.5"""
"191573;""20300"";""MBG0095"";""BU0363NN01"";""2022JJ00"";""Amsterdam                               "";""Buurt   "";""BU0363NN01"";""33.2"""
"191574;""20300"";""MBG0095"";""BU0363NN01"";""2024JJ00"";""Amsterdam                               "";""Buurt   "";""BU0363NN01"";""24.6"""
"191577;""20300"";""MBG0095"";""BU0363NN02"";""2020JJ00"";""Amsterdam                               "";""Buurt   "";""BU0363NN02"";""27.5"""
"191578;""20300"";""MBG0095"";""BU0363NN02"";""2022JJ00"";""Amsterdam                               "";""Buurt   "";""BU0363NN02"";""35.3"""
"191579;""20300"";""MBG0095"";""BU0363NN02"";""2024JJ00"";""Amsterdam                               "";""Buurt   "";""BU0363NN02"";""27.7"""
"191582;""20300"";""MBG0095"";""WK0363NP  "";""2020JJ00"";""Amsterdam                               "";""Wijk    "";""WK0363NP  "";""32.6"""
"191583;""20300"";""MBG0095"";""WK0363NP  "";""2022JJ00"";""Amsterdam                               "";""Wijk    "";""WK0363NP  "";""49.9"""
"191584;""20300"";""MBG0095"";""WK0363NP  "";""2024JJ00"";""Amsterdam                               "";""Wijk    "";""WK0363NP  "";""37.2"""
"191587;""20300"";""MBG0095"";""BU0363NP01"";""2020JJ00"";""Amsterdam                               "";""Buurt   "";""BU0363NP01"";""33.2"""
"191588;""20300"";""MBG0095"";""BU0363NP01"";""2022JJ00"";""Amsterdam                               "";""Buurt   "";""BU0363NP01"";""51.7"""
"191589;""20300"";""MBG0095"";""BU0363NP01"";""2024JJ00"";""Amsterdam                               "";""Buurt   "";""BU0363NP01"";""38.3"""
"191592;""20300"";""MBG0095"";""BU0363NP02"";""2020JJ00"";""Amsterdam                               "";""Buurt   "";""BU0363NP02"";"
"191593;""20300"";""MBG0095"";""BU0363NP02"";""2022JJ00"";""Amsterdam                               "";""Buurt   "";""BU0363NP02"";"
"191594;""20300"";""MBG0095"";""BU0363NP02"";""2024JJ00"";""Amsterdam                               "";""Buurt   "";""BU0363NP02"";"
"191597;""20300"";""MBG0095"";""BU0363NP03"";""2020JJ00"";""Amsterdam                               "";""Buurt   "";""BU0363NP03"";"
"191598;""20300"";""MBG0095"";""BU0363NP03"";""2022JJ00"";""Amsterdam                               "";""Buurt   "";""BU0363NP03"";"
"191599;""20300"";""MBG0095"";""BU0363NP03"";""2024JJ00"";""Amsterdam                               "";""Buurt   "";""BU0363NP03"";"
"191602;""20300"";""MBG0095"";""WK0363NQ  "";""2020JJ00"";""Amsterdam                               "";""Wijk    "";""WK0363NQ  "";""12.3"""
"191603;""20300"";""MBG0095"";""WK0363NQ  "";""2022JJ00"";""Amsterdam                               "";""Wijk    "";""WK0363NQ  "";""15.8"""
"191604;""20300"";""MBG0095"";""WK0363NQ  "";""2024JJ00"";""Amsterdam                               "";""Wijk    "";""WK0363NQ  "";""11.9"""
"191607;""20300"";""MBG0095"";""BU0363NQ01"";""2020JJ00"";""Amsterdam                               "";""Buurt   "";""BU0363NQ01"";"
"191608;""20300"";""MBG0095"";""BU0363NQ01"";""2022JJ00"";""Amsterdam                               "";""Buurt   "";""BU0363NQ01"";"
"191609;""20300"";""MBG0095"";""BU0363NQ01"";""2024JJ00"";""Amsterdam                               "";""Buurt   "";""BU0363NQ01"";"
"191612;""20300"";""MBG0095"";""BU0363NQ02"";""2020JJ00"";""Amsterdam                               "";""Buurt   "";""BU0363NQ02"";"
"191613;""20300"";""MBG0095"";""BU0363NQ02"";""2022JJ00"";""Amsterdam                               "";""Buurt   "";""BU0363NQ02"";"
"191614;""20300"";""MBG0095"";""BU0363NQ02"";""2024JJ00"";""Amsterdam                               "";""Buurt   "";""BU0363NQ02"";"
"191617;""20300"";""MBG0095"";""BU0363NQ03"";""2020JJ00"";""Amsterdam                               "";""Buurt   "";""BU0363NQ03"";""14.4"""
"191618;""20300"";""MBG0095"";""BU0363NQ03"";""2022JJ00"";""Amsterdam                               "";""Buurt   "";""BU0363NQ03"";""17.2"""
"191619;""20300"";""MBG0095"";""BU0363NQ03"";""2024JJ00"";""Amsterdam                               "";""Buurt   "";""BU0363NQ03"";""12.5"""
"191622;""20300"";""MBG0095"";""BU0363NQ04"";""2020JJ00"";""Amsterdam                               "";""Buurt   "";""BU0363NQ04"";"
"191623;""20300"";""MBG0095"";""BU0363NQ04"";""2022JJ00"";""Amsterdam                               "";""Buurt   "";""BU0363NQ04"";"
"191624;""20300"";""MBG0095"";""BU0363NQ04"";""2024JJ00"";""Amsterdam                               "";""Buurt   "";""BU0363NQ04"";"
"191627;""20300"";""MBG0095"";""BU0363NQ05"";""2020JJ00"";""Amsterdam                               "";""Buurt   "";""BU0363NQ05"";""12.4"""
"191628;""20300"";""MBG0095"";""BU0363NQ05"";""2022JJ00"";""Amsterdam                               "";""Buurt   "";""BU0363NQ05"";""19.5"""
"191629;""20300"";""MBG0095"";""BU0363NQ05"";""2024JJ00"";""Amsterdam                               "";""Buurt   "";""BU0363NQ05"";""14.3"""
"191632;""20300"";""MBG0095"";""BU0363NQ06"";""2020JJ00"";""Amsterdam                               "";""Buurt   "";""BU0363NQ06"";"
"191633;""20300"";""MBG0095"";""BU0363NQ06"";""2022JJ00"";""Amsterdam                               "";""Buurt   "";""BU0363NQ06"";"
"191634;""20300"";""MBG0095"";""BU0363NQ06"";""2024JJ00"";""Amsterdam                               "";""Buurt   "";""BU0363NQ06"";"
"191637;""20300"";""MBG0095"";""BU0363NQ07"";""2020JJ00"";""Amsterdam                               "";""Buurt   "";""BU0363NQ07"";"
"191638;""20300"";""MBG0095"";""BU0363NQ07"";""2022JJ00"";""Amsterdam                               "";""Buurt   "";""BU0363NQ07"";"
"191639;""20300"";""MBG0095"";""BU0363NQ07"";""2024JJ00"";""Amsterdam                               "";""Buurt   "";""BU0363NQ07"";"
"191642;""20300"";""MBG0095"";""BU0363NQ08"";""2020JJ00"";""Amsterdam                               "";""Buurt   "";""BU0363NQ08"";""11.4"""
"191643;""20300"";""MBG0095"";""BU0363NQ08"";""2022JJ00"";""Amsterdam                               "";""Buurt   "";""BU0363NQ08"";""13.9"""
"191644;""20300"";""MBG0095"";""BU0363NQ08"";""2024JJ00"";""Amsterdam                               "";""Buurt   "";""BU0363NQ08"";""12.5"""
"191647;""20300"";""MBG0095"";""BU0363NQ09"";""2020JJ00"";""Amsterdam                               "";""Buurt   "";""BU0363NQ09"";""13.1"""
"191648;""20300"";""MBG0095"";""BU0363NQ09"";""2022JJ00"";""Amsterdam                               "";""Buurt   "";""BU0363NQ09"";""13.7"""
"191649;""20300"";""MBG0095"";""BU0363NQ09"";""2024JJ00"";""Amsterdam                               "";""Buurt   "";""BU0363NQ09"";""10.3"""
"191652;""20300"";""MBG0095"";""BU0363NQ10"";""2020JJ00"";""Amsterdam                               "";""Buurt   "";""BU0363NQ10"";""13.8"""
"191653;""20300"";""MBG0095"";""BU0363NQ10"";""2022JJ00"";""Amsterdam                               "";""Buurt   "";""BU0363NQ10"";""15.8"""
"191654;""20300"";""MBG0095"";""BU0363NQ10"";""2024JJ00"";""Amsterdam                               "";""Buurt   "";""BU0363NQ10"";""13.2"""
"191657;""20300"";""MBG0095"";""WK0363SA  "";""2020JJ00"";""Amsterdam                               "";""Wijk    "";""WK0363SA  "";""15.7"""
"191658;""20300"";""MBG0095"";""WK0363SA  "";""2022JJ00"";""Amsterdam                               "";""Wijk    "";""WK0363SA  "";""23.2"""
"191659;""20300"";""MBG0095"";""WK0363SA  "";""2024JJ00"";""Amsterdam                               "";""Wijk    "";""WK0363SA  "";""17.2"""
"191662;""20300"";""MBG0095"";""BU0363SA01"";""2020JJ00"";""Amsterdam                               "";""Buurt   "";""BU0363SA01"";""14.8"""
"191663;""20300"";""MBG0095"";""BU0363SA01"";""2022JJ00"";""Amsterdam                               "";""Buurt   "";""BU0363SA01"";""16.7"""
"191664;""20300"";""MBG0095"";""BU0363SA01"";""2024JJ00"";""Amsterdam                               "";""Buurt   "";""BU0363SA01"";""14"""
"191667;""20300"";""MBG0095"";""BU0363SA02"";""2020JJ00"";""Amsterdam                               "";""Buurt   "";""BU0363SA02"";""16.2"""
"191668;""20300"";""MBG0095"";""BU0363SA02"";""2022JJ00"";""Amsterdam                               "";""Buurt   "";""BU0363SA02"";""24.2"""
"191669;""20300"";""MBG0095"";""BU0363SA02"";""2024JJ00"";""Amsterdam                               "";""Buurt   "";""BU0363SA02"";""17.9"""
"191672;""20300"";""MBG0095"";""WK0363SB  "";""2020JJ00"";""Amsterdam                               "";""Wijk    "";""WK0363SB  "";""6.9"""
"191673;""20300"";""MBG0095"";""WK0363SB  "";""2022JJ00"";""Amsterdam                               "";""Wijk    "";""WK0363SB  "";""15.9"""
"191674;""20300"";""MBG0095"";""WK0363SB  "";""2024JJ00"";""Amsterdam                               "";""Wijk    "";""WK0363SB  "";""7.1"""
"191677;""20300"";""MBG0095"";""BU0363SB01"";""2020JJ00"";""Amsterdam                               "";""Buurt   "";""BU0363SB01"";"
"191678;""20300"";""MBG0095"";""BU0363SB01"";""2022JJ00"";""Amsterdam                               "";""Buurt   "";""BU0363SB01"";"
"191679;""20300"";""MBG0095"";""BU0363SB01"";""2024JJ00"";""Amsterdam                               "";""Buurt   "";""BU0363SB01"";"
"191682;""20300"";""MBG0095"";""BU0363SB02"";""2020JJ00"";""Amsterdam                               "";""Buurt   "";""BU0363SB02"";"
"191683;""20300"";""MBG0095"";""BU0363SB02"";""2022JJ00"";""Amsterdam                               "";""Buurt   "";""BU0363SB02"";"
"191684;""20300"";""MBG0095"";""BU0363SB02"";""2024JJ00"";""Amsterdam                               "";""Buurt   "";""BU0363SB02"";""7.7"""
"191687;""20300"";""MBG0095"";""BU0363SB03"";""2020JJ00"";""Amsterdam                               "";""Buurt   "";""BU0363SB03"";""6.6"""
"191688;""20300"";""MBG0095"";""BU0363SB03"";""2022JJ00"";""Amsterdam                               "";""Buurt   "";""BU0363SB03"";""21"""
"191689;""20300"";""MBG0095"";""BU0363SB03"";""2024JJ00"";""Amsterdam                               "";""Buurt   "";""BU0363SB03"";""6.9"""
"191692;""20300"";""MBG0095"";""BU0363SB04"";""2020JJ00"";""Amsterdam                               "";""Buurt   "";""BU0363SB04"";""25"""
"191693;""20300"";""MBG0095"";""BU0363SB04"";""2022JJ00"";""Amsterdam                               "";""Buurt   "";""BU0363SB04"";""20"""
"191694;""20300"";""MBG0095"";""BU0363SB04"";""2024JJ00"";""Amsterdam                               "";""Buurt   "";""BU0363SB04"";""8.9"""
"191697;""20300"";""MBG0095"";""BU0363SB05"";""2020JJ00"";""Amsterdam                               "";""Buurt   "";""BU0363SB05"";""7.5"""
"191698;""20300"";""MBG0095"";""BU0363SB05"";""2022JJ00"";""Amsterdam                               "";""Buurt   "";""BU0363SB05"";""11"""
"191699;""20300"";""MBG0095"";""BU0363SB05"";""2024JJ00"";""Amsterdam                               "";""Buurt   "";""BU0363SB05"";""9.6"""
"191702;""20300"";""MBG0095"";""BU0363SB06"";""2020JJ00"";""Amsterdam                               "";""Buurt   "";""BU0363SB06"";"
"191703;""20300"";""MBG0095"";""BU0363SB06"";""2022JJ00"";""Amsterdam                               "";""Buurt   "";""BU0363SB06"";"
"191704;""20300"";""MBG0095"";""BU0363SB06"";""2024JJ00"";""Amsterdam                               "";""Buurt   "";""BU0363SB06"";"
"191707;""20300"";""MBG0095"";""WK0363SC  "";""2020JJ00"";""Amsterdam                               "";""Wijk    "";""WK0363SC  "";""20.7"""
"191708;""20300"";""MBG0095"";""WK0363SC  "";""2022JJ00"";""Amsterdam                               "";""Wijk    "";""WK0363SC  "";""31.2"""
"191709;""20300"";""MBG0095"";""WK0363SC  "";""2024JJ00"";""Amsterdam                               "";""Wijk    "";""WK0363SC  "";""22.9"""
"191712;""20300"";""MBG0095"";""BU0363SC01"";""2020JJ00"";""Amsterdam                               "";""Buurt   "";""BU0363SC01"";""17.4"""
"191713;""20300"";""MBG0095"";""BU0363SC01"";""2022JJ00"";""Amsterdam                               "";""Buurt   "";""BU0363SC01"";""25.5"""
"191714;""20300"";""MBG0095"";""BU0363SC01"";""2024JJ00"";""Amsterdam                               "";""Buurt   "";""BU0363SC01"";""22.2"""
"191717;""20300"";""MBG0095"";""BU0363SC02"";""2020JJ00"";""Amsterdam                               "";""Buurt   "";""BU0363SC02"";""17.5"""
"191718;""20300"";""MBG0095"";""BU0363SC02"";""2022JJ00"";""Amsterdam                               "";""Buurt   "";""BU0363SC02"";""25.4"""
"191719;""20300"";""MBG0095"";""BU0363SC02"";""2024JJ00"";""Amsterdam                               "";""Buurt   "";""BU0363SC02"";""19.5"""
"191722;""20300"";""MBG0095"";""BU0363SC03"";""2020JJ00"";""Amsterdam                               "";""Buurt   "";""BU0363SC03"";""20.5"""
"191723;""20300"";""MBG0095"";""BU0363SC03"";""2022JJ00"";""Amsterdam                               "";""Buurt   "";""BU0363SC03"";""30.2"""
"191724;""20300"";""MBG0095"";""BU0363SC03"";""2024JJ00"";""Amsterdam                               "";""Buurt   "";""BU0363SC03"";""22.3"""
"191727;""20300"";""MBG0095"";""BU0363SC04"";""2020JJ00"";""Amsterdam                               "";""Buurt   "";""BU0363SC04"";""22.8"""
"191728;""20300"";""MBG0095"";""BU0363SC04"";""2022JJ00"";""Amsterdam                               "";""Buurt   "";""BU0363SC04"";""32.9"""
"191729;""20300"";""MBG0095"";""BU0363SC04"";""2024JJ00"";""Amsterdam                               "";""Buurt   "";""BU0363SC04"";""23.4"""
"191732;""20300"";""MBG0095"";""BU0363SC05"";""2020JJ00"";""Amsterdam                               "";""Buurt   "";""BU0363SC05"";""22.4"""
"191733;""20300"";""MBG0095"";""BU0363SC05"";""2022JJ00"";""Amsterdam                               "";""Buurt   "";""BU0363SC05"";""31.9"""
"191734;""20300"";""MBG0095"";""BU0363SC05"";""2024JJ00"";""Amsterdam                               "";""Buurt   "";""BU0363SC05"";""24.3"""
"191737;""20300"";""MBG0095"";""BU0363SC06"";""2020JJ00"";""Amsterdam                               "";""Buurt   "";""BU0363SC06"";""27.7"""
"191738;""20300"";""MBG0095"";""BU0363SC06"";""2022JJ00"";""Amsterdam                               "";""Buurt   "";""BU0363SC06"";""40.4"""
"191739;""20300"";""MBG0095"";""BU0363SC06"";""2024JJ00"";""Amsterdam                               "";""Buurt   "";""BU0363SC06"";""30.8"""
"191742;""20300"";""MBG0095"";""WK0363SD  "";""2020JJ00"";""Amsterdam                               "";""Wijk    "";""WK0363SD  "";""14.3"""
"191743;""20300"";""MBG0095"";""WK0363SD  "";""2022JJ00"";""Amsterdam                               "";""Wijk    "";""WK0363SD  "";""20.4"""
"191744;""20300"";""MBG0095"";""WK0363SD  "";""2024JJ00"";""Amsterdam                               "";""Wijk    "";""WK0363SD  "";""17.6"""
"191747;""20300"";""MBG0095"";""BU0363SD01"";""2020JJ00"";""Amsterdam                               "";""Buurt   "";""BU0363SD01"";""16.1"""
"191748;""20300"";""MBG0095"";""BU0363SD01"";""2022JJ00"";""Amsterdam                               "";""Buurt   "";""BU0363SD01"";""19.9"""
"191749;""20300"";""MBG0095"";""BU0363SD01"";""2024JJ00"";""Amsterdam                               "";""Buurt   "";""BU0363SD01"";""18.7"""
"191752;""20300"";""MBG0095"";""BU0363SD02"";""2020JJ00"";""Amsterdam                               "";""Buurt   "";""BU0363SD02"";""8.4"""
"191753;""20300"";""MBG0095"";""BU0363SD02"";""2022JJ00"";""Amsterdam                               "";""Buurt   "";""BU0363SD02"";""26.8"""
"191754;""20300"";""MBG0095"";""BU0363SD02"";""2024JJ00"";""Amsterdam                               "";""Buurt   "";""BU0363SD02"";""29.8"""
"191757;""20300"";""MBG0095"";""BU0363SD03"";""2020JJ00"";""Amsterdam                               "";""Buurt   "";""BU0363SD03"";""15.5"""
"191758;""20300"";""MBG0095"";""BU0363SD03"";""2022JJ00"";""Amsterdam                               "";""Buurt   "";""BU0363SD03"";""20.8"""
"191759;""20300"";""MBG0095"";""BU0363SD03"";""2024JJ00"";""Amsterdam                               "";""Buurt   "";""BU0363SD03"";""17.8"""
"191762;""20300"";""MBG0095"";""BU0363SD04"";""2020JJ00"";""Amsterdam                               "";""Buurt   "";""BU0363SD04"";""16.8"""
"191763;""20300"";""MBG0095"";""BU0363SD04"";""2022JJ00"";""Amsterdam                               "";""Buurt   "";""BU0363SD04"";""24.3"""
"191764;""20300"";""MBG0095"";""BU0363SD04"";""2024JJ00"";""Amsterdam                               "";""Buurt   "";""BU0363SD04"";""19.2"""
"191767;""20300"";""MBG0095"";""BU0363SD05"";""2020JJ00"";""Amsterdam                               "";""Buurt   "";""BU0363SD05"";""23.3"""
"191768;""20300"";""MBG0095"";""BU0363SD05"";""2022JJ00"";""Amsterdam                               "";""Buurt   "";""BU0363SD05"";""30.2"""
"191769;""20300"";""MBG0095"";""BU0363SD05"";""2024JJ00"";""Amsterdam                               "";""Buurt   "";""BU0363SD05"";""24.9"""
"191772;""20300"";""MBG0095"";""BU0363SD06"";""2020JJ00"";""Amsterdam                               "";""Buurt   "";""BU0363SD06"";""9.3"""
"191773;""20300"";""MBG0095"";""BU0363SD06"";""2022JJ00"";""Amsterdam                               "";""Buurt   "";""BU0363SD06"";""12.7"""
"191774;""20300"";""MBG0095"";""BU0363SD06"";""2024JJ00"";""Amsterdam                               "";""Buurt   "";""BU0363SD06"";""10.4"""
"191777;""20300"";""MBG0095"";""WK0363SE  "";""2020JJ00"";""Amsterdam                               "";""Wijk    "";""WK0363SE  "";""12"""
"191778;""20300"";""MBG0095"";""WK0363SE  "";""2022JJ00"";""Amsterdam                               "";""Wijk    "";""WK0363SE  "";""16.4"""
"191779;""20300"";""MBG0095"";""WK0363SE  "";""2024JJ00"";""Amsterdam                               "";""Wijk    "";""WK0363SE  "";""12.5"""
"191782;""20300"";""MBG0095"";""BU0363SE01"";""2020JJ00"";""Amsterdam                               "";""Buurt   "";""BU0363SE01"";""10.5"""
"191783;""20300"";""MBG0095"";""BU0363SE01"";""2022JJ00"";""Amsterdam                               "";""Buurt   "";""BU0363SE01"";""14.2"""
"191784;""20300"";""MBG0095"";""BU0363SE01"";""2024JJ00"";""Amsterdam                               "";""Buurt   "";""BU0363SE01"";""10"""
"191787;""20300"";""MBG0095"";""BU0363SE02"";""2020JJ00"";""Amsterdam                               "";""Buurt   "";""BU0363SE02"";""13.3"""
"191788;""20300"";""MBG0095"";""BU0363SE02"";""2022JJ00"";""Amsterdam                               "";""Buurt   "";""BU0363SE02"";""18.1"""
"191789;""20300"";""MBG0095"";""BU0363SE02"";""2024JJ00"";""Amsterdam                               "";""Buurt   "";""BU0363SE02"";""13.9"""
"191792;""20300"";""MBG0095"";""BU0363SE03"";""2020JJ00"";""Amsterdam                               "";""Buurt   "";""BU0363SE03"";""13.4"""
"191793;""20300"";""MBG0095"";""BU0363SE03"";""2022JJ00"";""Amsterdam                               "";""Buurt   "";""BU0363SE03"";""19.1"""
"191794;""20300"";""MBG0095"";""BU0363SE03"";""2024JJ00"";""Amsterdam                               "";""Buurt   "";""BU0363SE03"";""13.9"""
"191797;""20300"";""MBG0095"";""BU0363SE04"";""2020JJ00"";""Amsterdam                               "";""Buurt   "";""BU0363SE04"";""11.3"""
"191798;""20300"";""MBG0095"";""BU0363SE04"";""2022JJ00"";""Amsterdam                               "";""Buurt   "";""BU0363SE04"";""14.3"""
"191799;""20300"";""MBG0095"";""BU0363SE04"";""2024JJ00"";""Amsterdam                               "";""Buurt   "";""BU0363SE04"";""12.8"""
"191802;""20300"";""MBG0095"";""WK0363TA  "";""2020JJ00"";""Amsterdam                               "";""Wijk    "";""WK0363TA  "";""45"""
"191803;""20300"";""MBG0095"";""WK0363TA  "";""2022JJ00"";""Amsterdam                               "";""Wijk    "";""WK0363TA  "";""51.9"""
"191804;""20300"";""MBG0095"";""WK0363TA  "";""2024JJ00"";""Amsterdam                               "";""Wijk    "";""WK0363TA  "";""36.1"""
"191807;""20300"";""MBG0095"";""BU0363TA01"";""2020JJ00"";""Amsterdam                               "";""Buurt   "";""BU0363TA01"";"
"191808;""20300"";""MBG0095"";""BU0363TA01"";""2022JJ00"";""Amsterdam                               "";""Buurt   "";""BU0363TA01"";"
"191809;""20300"";""MBG0095"";""BU0363TA01"";""2024JJ00"";""Amsterdam                               "";""Buurt   "";""BU0363TA01"";"
"191812;""20300"";""MBG0095"";""BU0363TA02"";""2020JJ00"";""Amsterdam                               "";""Buurt   "";""BU0363TA02"";"
"191813;""20300"";""MBG0095"";""BU0363TA02"";""2022JJ00"";""Amsterdam                               "";""Buurt   "";""BU0363TA02"";"
"191814;""20300"";""MBG0095"";""BU0363TA02"";""2024JJ00"";""Amsterdam                               "";""Buurt   "";""BU0363TA02"";"
"191817;""20300"";""MBG0095"";""BU0363TA03"";""2020JJ00"";""Amsterdam                               "";""Buurt   "";""BU0363TA03"";""45.9"""
"191818;""20300"";""MBG0095"";""BU0363TA03"";""2022JJ00"";""Amsterdam                               "";""Buurt   "";""BU0363TA03"";""43.4"""
"191819;""20300"";""MBG0095"";""BU0363TA03"";""2024JJ00"";""Amsterdam                               "";""Buurt   "";""BU0363TA03"";""30"""
"191822;""20300"";""MBG0095"";""BU0363TA04"";""2020JJ00"";""Amsterdam                               "";""Buurt   "";""BU0363TA04"";"
"191823;""20300"";""MBG0095"";""BU0363TA04"";""2022JJ00"";""Amsterdam                               "";""Buurt   "";""BU0363TA04"";"
"191824;""20300"";""MBG0095"";""BU0363TA04"";""2024JJ00"";""Amsterdam                               "";""Buurt   "";""BU0363TA04"";"
"191827;""20300"";""MBG0095"";""BU0363TA05"";""2020JJ00"";""Amsterdam                               "";""Buurt   "";""BU0363TA05"";""48.7"""
"191828;""20300"";""MBG0095"";""BU0363TA05"";""2022JJ00"";""Amsterdam                               "";""Buurt   "";""BU0363TA05"";""55.5"""
"191829;""20300"";""MBG0095"";""BU0363TA05"";""2024JJ00"";""Amsterdam                               "";""Buurt   "";""BU0363TA05"";""38.4"""
"191832;""20300"";""MBG0095"";""BU0363TA06"";""2020JJ00"";""Amsterdam                               "";""Buurt   "";""BU0363TA06"";"
"191833;""20300"";""MBG0095"";""BU0363TA06"";""2022JJ00"";""Amsterdam                               "";""Buurt   "";""BU0363TA06"";"
"191834;""20300"";""MBG0095"";""BU0363TA06"";""2024JJ00"";""Amsterdam                               "";""Buurt   "";""BU0363TA06"";"
"191837;""20300"";""MBG0095"";""BU0363TA07"";""2020JJ00"";""Amsterdam                               "";""Buurt   "";""BU0363TA07"";"
"191838;""20300"";""MBG0095"";""BU0363TA07"";""2022JJ00"";""Amsterdam                               "";""Buurt   "";""BU0363TA07"";"
"191839;""20300"";""MBG0095"";""BU0363TA07"";""2024JJ00"";""Amsterdam                               "";""Buurt   "";""BU0363TA07"";"
"191842;""20300"";""MBG0095"";""WK0363TB  "";""2020JJ00"";""Amsterdam                               "";""Wijk    "";""WK0363TB  "";""36.7"""
"191843;""20300"";""MBG0095"";""WK0363TB  "";""2022JJ00"";""Amsterdam                               "";""Wijk    "";""WK0363TB  "";""45.5"""
"191844;""20300"";""MBG0095"";""WK0363TB  "";""2024JJ00"";""Amsterdam                               "";""Wijk    "";""WK0363TB  "";""31.9"""
"191847;""20300"";""MBG0095"";""BU0363TB01"";""2020JJ00"";""Amsterdam                               "";""Buurt   "";""BU0363TB01"";""37.8"""
"191848;""20300"";""MBG0095"";""BU0363TB01"";""2022JJ00"";""Amsterdam                               "";""Buurt   "";""BU0363TB01"";""47.6"""
"191849;""20300"";""MBG0095"";""BU0363TB01"";""2024JJ00"";""Amsterdam                               "";""Buurt   "";""BU0363TB01"";""32.8"""
"191852;""20300"";""MBG0095"";""BU0363TB02"";""2020JJ00"";""Amsterdam                               "";""Buurt   "";""BU0363TB02"";""36.3"""
"191853;""20300"";""MBG0095"";""BU0363TB02"";""2022JJ00"";""Amsterdam                               "";""Buurt   "";""BU0363TB02"";""44.1"""
"191854;""20300"";""MBG0095"";""BU0363TB02"";""2024JJ00"";""Amsterdam                               "";""Buurt   "";""BU0363TB02"";""31.3"""
"191857;""20300"";""MBG0095"";""WK0363TC  "";""2020JJ00"";""Amsterdam                               "";""Wijk    "";""WK0363TC  "";""37.4"""
"191858;""20300"";""MBG0095"";""WK0363TC  "";""2022JJ00"";""Amsterdam                               "";""Wijk    "";""WK0363TC  "";""48.9"""
"191859;""20300"";""MBG0095"";""WK0363TC  "";""2024JJ00"";""Amsterdam                               "";""Wijk    "";""WK0363TC  "";""33.2"""
"191862;""20300"";""MBG0095"";""BU0363TC01"";""2020JJ00"";""Amsterdam                               "";""Buurt   "";""BU0363TC01"";""51.8"""
"191863;""20300"";""MBG0095"";""BU0363TC01"";""2022JJ00"";""Amsterdam                               "";""Buurt   "";""BU0363TC01"";""53.5"""
"191864;""20300"";""MBG0095"";""BU0363TC01"";""2024JJ00"";""Amsterdam                               "";""Buurt   "";""BU0363TC01"";""39"""
"191867;""20300"";""MBG0095"";""BU0363TC02"";""2020JJ00"";""Amsterdam                               "";""Buurt   "";""BU0363TC02"";""32.1"""
"191868;""20300"";""MBG0095"";""BU0363TC02"";""2022JJ00"";""Amsterdam                               "";""Buurt   "";""BU0363TC02"";""46"""
"191869;""20300"";""MBG0095"";""BU0363TC02"";""2024JJ00"";""Amsterdam                               "";""Buurt   "";""BU0363TC02"";""31"""
"191872;""20300"";""MBG0095"";""BU0363TC03"";""2020JJ00"";""Amsterdam                               "";""Buurt   "";""BU0363TC03"";""48"""
"191873;""20300"";""MBG0095"";""BU0363TC03"";""2022JJ00"";""Amsterdam                               "";""Buurt   "";""BU0363TC03"";""63.4"""
"191874;""20300"";""MBG0095"";""BU0363TC03"";""2024JJ00"";""Amsterdam                               "";""Buurt   "";""BU0363TC03"";""38.5"""
"191877;""20300"";""MBG0095"";""BU0363TC04"";""2020JJ00"";""Amsterdam                               "";""Buurt   "";""BU0363TC04"";""26.6"""
"191878;""20300"";""MBG0095"";""BU0363TC04"";""2022JJ00"";""Amsterdam                               "";""Buurt   "";""BU0363TC04"";""44"""
"191879;""20300"";""MBG0095"";""BU0363TC04"";""2024JJ00"";""Amsterdam                               "";""Buurt   "";""BU0363TC04"";""25.8"""
"191882;""20300"";""MBG0095"";""BU0363TC05"";""2020JJ00"";""Amsterdam                               "";""Buurt   "";""BU0363TC05"";"
"191883;""20300"";""MBG0095"";""BU0363TC05"";""2022JJ00"";""Amsterdam                               "";""Buurt   "";""BU0363TC05"";"
"191884;""20300"";""MBG0095"";""BU0363TC05"";""2024JJ00"";""Amsterdam                               "";""Buurt   "";""BU0363TC05"";"
"191887;""20300"";""MBG0095"";""WK0363TD  "";""2020JJ00"";""Amsterdam                               "";""Wijk    "";""WK0363TD  "";""41.4"""
"191888;""20300"";""MBG0095"";""WK0363TD  "";""2022JJ00"";""Amsterdam                               "";""Wijk    "";""WK0363TD  "";""52.4"""
"191889;""20300"";""MBG0095"";""WK0363TD  "";""2024JJ00"";""Amsterdam                               "";""Wijk    "";""WK0363TD  "";""38.2"""
"191892;""20300"";""MBG0095"";""BU0363TD01"";""2020JJ00"";""Amsterdam                               "";""Buurt   "";""BU0363TD01"";""46.1"""
"191893;""20300"";""MBG0095"";""BU0363TD01"";""2022JJ00"";""Amsterdam                               "";""Buurt   "";""BU0363TD01"";""55.6"""
"191894;""20300"";""MBG0095"";""BU0363TD01"";""2024JJ00"";""Amsterdam                               "";""Buurt   "";""BU0363TD01"";""38.7"""
"191897;""20300"";""MBG0095"";""BU0363TD02"";""2020JJ00"";""Amsterdam                               "";""Buurt   "";""BU0363TD02"";""40.4"""
"191898;""20300"";""MBG0095"";""BU0363TD02"";""2022JJ00"";""Amsterdam                               "";""Buurt   "";""BU0363TD02"";""51.6"""
"191899;""20300"";""MBG0095"";""BU0363TD02"";""2024JJ00"";""Amsterdam                               "";""Buurt   "";""BU0363TD02"";""38.4"""
"191902;""20300"";""MBG0095"";""BU0363TD03"";""2020JJ00"";""Amsterdam                               "";""Buurt   "";""BU0363TD03"";""44.5"""
"191903;""20300"";""MBG0095"";""BU0363TD03"";""2022JJ00"";""Amsterdam                               "";""Buurt   "";""BU0363TD03"";""59.7"""
"191904;""20300"";""MBG0095"";""BU0363TD03"";""2024JJ00"";""Amsterdam                               "";""Buurt   "";""BU0363TD03"";""44.3"""
"191907;""20300"";""MBG0095"";""BU0363TD04"";""2020JJ00"";""Amsterdam                               "";""Buurt   "";""BU0363TD04"";""15"""
"191908;""20300"";""MBG0095"";""BU0363TD04"";""2022JJ00"";""Amsterdam                               "";""Buurt   "";""BU0363TD04"";""18.7"""
"191909;""20300"";""MBG0095"";""BU0363TD04"";""2024JJ00"";""Amsterdam                               "";""Buurt   "";""BU0363TD04"";""13.7"""
"191912;""20300"";""MBG0095"";""WK0363TE  "";""2020JJ00"";""Amsterdam                               "";""Wijk    "";""WK0363TE  "";""36.2"""
"191913;""20300"";""MBG0095"";""WK0363TE  "";""2022JJ00"";""Amsterdam                               "";""Wijk    "";""WK0363TE  "";""46.3"""
"191914;""20300"";""MBG0095"";""WK0363TE  "";""2024JJ00"";""Amsterdam                               "";""Wijk    "";""WK0363TE  "";""32.3"""
"191917;""20300"";""MBG0095"";""BU0363TE01"";""2020JJ00"";""Amsterdam                               "";""Buurt   "";""BU0363TE01"";""30.7"""
"191918;""20300"";""MBG0095"";""BU0363TE01"";""2022JJ00"";""Amsterdam                               "";""Buurt   "";""BU0363TE01"";""43.6"""
"191919;""20300"";""MBG0095"";""BU0363TE01"";""2024JJ00"";""Amsterdam                               "";""Buurt   "";""BU0363TE01"";""28.3"""
"191922;""20300"";""MBG0095"";""BU0363TE02"";""2020JJ00"";""Amsterdam                               "";""Buurt   "";""BU0363TE02"";""34.9"""
"191923;""20300"";""MBG0095"";""BU0363TE02"";""2022JJ00"";""Amsterdam                               "";""Buurt   "";""BU0363TE02"";""46.3"""
"191924;""20300"";""MBG0095"";""BU0363TE02"";""2024JJ00"";""Amsterdam                               "";""Buurt   "";""BU0363TE02"";""30.5"""
"191927;""20300"";""MBG0095"";""BU0363TE03"";""2020JJ00"";""Amsterdam                               "";""Buurt   "";""BU0363TE03"";""50"""
"191928;""20300"";""MBG0095"";""BU0363TE03"";""2022JJ00"";""Amsterdam                               "";""Buurt   "";""BU0363TE03"";""59"""
"191929;""20300"";""MBG0095"";""BU0363TE03"";""2024JJ00"";""Amsterdam                               "";""Buurt   "";""BU0363TE03"";""43.5"""
"191932;""20300"";""MBG0095"";""WK0363TF  "";""2020JJ00"";""Amsterdam                               "";""Wijk    "";""WK0363TF  "";""23.1"""
"191933;""20300"";""MBG0095"";""WK0363TF  "";""2022JJ00"";""Amsterdam                               "";""Wijk    "";""WK0363TF  "";""32.5"""
"191934;""20300"";""MBG0095"";""WK0363TF  "";""2024JJ00"";""Amsterdam                               "";""Wijk    "";""WK0363TF  "";""22.7"""
"191937;""20300"";""MBG0095"";""BU0363TF01"";""2020JJ00"";""Amsterdam                               "";""Buurt   "";""BU0363TF01"";""19.3"""
"191938;""20300"";""MBG0095"";""BU0363TF01"";""2022JJ00"";""Amsterdam                               "";""Buurt   "";""BU0363TF01"";""25.7"""
"191939;""20300"";""MBG0095"";""BU0363TF01"";""2024JJ00"";""Amsterdam                               "";""Buurt   "";""BU0363TF01"";""18.8"""
"191942;""20300"";""MBG0095"";""BU0363TF02"";""2020JJ00"";""Amsterdam                               "";""Buurt   "";""BU0363TF02"";""30.5"""
"191943;""20300"";""MBG0095"";""BU0363TF02"";""2022JJ00"";""Amsterdam                               "";""Buurt   "";""BU0363TF02"";""43.8"""
"191944;""20300"";""MBG0095"";""BU0363TF02"";""2024JJ00"";""Amsterdam                               "";""Buurt   "";""BU0363TF02"";""30"""
"191947;""20300"";""MBG0095"";""BU0363TF03"";""2020JJ00"";""Amsterdam                               "";""Buurt   "";""BU0363TF03"";""25.7"""
"191948;""20300"";""MBG0095"";""BU0363TF03"";""2022JJ00"";""Amsterdam                               "";""Buurt   "";""BU0363TF03"";""38.4"""
"191949;""20300"";""MBG0095"";""BU0363TF03"";""2024JJ00"";""Amsterdam                               "";""Buurt   "";""BU0363TF03"";""25.3"""
"191952;""20300"";""MBG0095"";""WK0363TG  "";""2020JJ00"";""Amsterdam                               "";""Wijk    "";""WK0363TG  "";""38.7"""
"191953;""20300"";""MBG0095"";""WK0363TG  "";""2022JJ00"";""Amsterdam                               "";""Wijk    "";""WK0363TG  "";""52.1"""
"191954;""20300"";""MBG0095"";""WK0363TG  "";""2024JJ00"";""Amsterdam                               "";""Wijk    "";""WK0363TG  "";""37.8"""
"191957;""20300"";""MBG0095"";""BU0363TG01"";""2020JJ00"";""Amsterdam                               "";""Buurt   "";""BU0363TG01"";""41.3"""
"191958;""20300"";""MBG0095"";""BU0363TG01"";""2022JJ00"";""Amsterdam                               "";""Buurt   "";""BU0363TG01"";""53.9"""
"191959;""20300"";""MBG0095"";""BU0363TG01"";""2024JJ00"";""Amsterdam                               "";""Buurt   "";""BU0363TG01"";""39.2"""
"191962;""20300"";""MBG0095"";""BU0363TG02"";""2020JJ00"";""Amsterdam                               "";""Buurt   "";""BU0363TG02"";""39.1"""
"191963;""20300"";""MBG0095"";""BU0363TG02"";""2022JJ00"";""Amsterdam                               "";""Buurt   "";""BU0363TG02"";""49.5"""
"191964;""20300"";""MBG0095"";""BU0363TG02"";""2024JJ00"";""Amsterdam                               "";""Buurt   "";""BU0363TG02"";""35.5"""
"191967;""20300"";""MBG0095"";""BU0363TG03"";""2020JJ00"";""Amsterdam                               "";""Buurt   "";""BU0363TG03"";""42.8"""
"191968;""20300"";""MBG0095"";""BU0363TG03"";""2022JJ00"";""Amsterdam                               "";""Buurt   "";""BU0363TG03"";""55.1"""
"191969;""20300"";""MBG0095"";""BU0363TG03"";""2024JJ00"";""Amsterdam                               "";""Buurt   "";""BU0363TG03"";""42.7"""
"191972;""20300"";""MBG0095"";""WK0363TH  "";""2020JJ00"";""Amsterdam                               "";""Wijk    "";""WK0363TH  "";""31.8"""
"191973;""20300"";""MBG0095"";""WK0363TH  "";""2022JJ00"";""Amsterdam                               "";""Wijk    "";""WK0363TH  "";""44.1"""
"191974;""20300"";""MBG0095"";""WK0363TH  "";""2024JJ00"";""Amsterdam                               "";""Wijk    "";""WK0363TH  "";""30.5"""
"191977;""20300"";""MBG0095"";""BU0363TH01"";""2020JJ00"";""Amsterdam                               "";""Buurt   "";""BU0363TH01"";""24.3"""
"191978;""20300"";""MBG0095"";""BU0363TH01"";""2022JJ00"";""Amsterdam                               "";""Buurt   "";""BU0363TH01"";""34.2"""
"191979;""20300"";""MBG0095"";""BU0363TH01"";""2024JJ00"";""Amsterdam                               "";""Buurt   "";""BU0363TH01"";""22.8"""
"191982;""20300"";""MBG0095"";""BU0363TH02"";""2020JJ00"";""Amsterdam                               "";""Buurt   "";""BU0363TH02"";""38"""
"191983;""20300"";""MBG0095"";""BU0363TH02"";""2022JJ00"";""Amsterdam                               "";""Buurt   "";""BU0363TH02"";""50.4"""
"191984;""20300"";""MBG0095"";""BU0363TH02"";""2024JJ00"";""Amsterdam                               "";""Buurt   "";""BU0363TH02"";""35.1"""
"191987;""20300"";""MBG0095"";""BU0363TH03"";""2020JJ00"";""Amsterdam                               "";""Buurt   "";""BU0363TH03"";""32.4"""
"191988;""20300"";""MBG0095"";""BU0363TH03"";""2022JJ00"";""Amsterdam                               "";""Buurt   "";""BU0363TH03"";""48.7"""
"191989;""20300"";""MBG0095"";""BU0363TH03"";""2024JJ00"";""Amsterdam                               "";""Buurt   "";""BU0363TH03"";""35.3"""
"191992;""20300"";""MBG0095"";""BU0363TH04"";""2020JJ00"";""Amsterdam                               "";""Buurt   "";""BU0363TH04"";""30.5"""
"191993;""20300"";""MBG0095"";""BU0363TH04"";""2022JJ00"";""Amsterdam                               "";""Buurt   "";""BU0363TH04"";""42.3"""
"191994;""20300"";""MBG0095"";""BU0363TH04"";""2024JJ00"";""Amsterdam                               "";""Buurt   "";""BU0363TH04"";""28.6"""
"191997;""20300"";""MBG0095"";""BU0363TH05"";""2020JJ00"";""Amsterdam                               "";""Buurt   "";""BU0363TH05"";""31"""
"191998;""20300"";""MBG0095"";""BU0363TH05"";""2022JJ00"";""Amsterdam                               "";""Buurt   "";""BU0363TH05"";""41.7"""
"191999;""20300"";""MBG0095"";""BU0363TH05"";""2024JJ00"";""Amsterdam                               "";""Buurt   "";""BU0363TH05"";""28.6"""
"192002;""20300"";""MBG0095"";""WK0363TJ  "";""2020JJ00"";""Amsterdam                               "";""Wijk    "";""WK0363TJ  "";""32.9"""
"192003;""20300"";""MBG0095"";""WK0363TJ  "";""2022JJ00"";""Amsterdam                               "";""Wijk    "";""WK0363TJ  "";""46.3"""
"192004;""20300"";""MBG0095"";""WK0363TJ  "";""2024JJ00"";""Amsterdam                               "";""Wijk    "";""WK0363TJ  "";""33.6"""
"192007;""20300"";""MBG0095"";""BU0363TJ01"";""2020JJ00"";""Amsterdam                               "";""Buurt   "";""BU0363TJ01"";""41.4"""
"192008;""20300"";""MBG0095"";""BU0363TJ01"";""2022JJ00"";""Amsterdam                               "";""Buurt   "";""BU0363TJ01"";""60.2"""
"192009;""20300"";""MBG0095"";""BU0363TJ01"";""2024JJ00"";""Amsterdam                               "";""Buurt   "";""BU0363TJ01"";""41.3"""
"192012;""20300"";""MBG0095"";""BU0363TJ02"";""2020JJ00"";""Amsterdam                               "";""Buurt   "";""BU0363TJ02"";""20.1"""
"192013;""20300"";""MBG0095"";""BU0363TJ02"";""2022JJ00"";""Amsterdam                               "";""Buurt   "";""BU0363TJ02"";""26.5"""
"192014;""20300"";""MBG0095"";""BU0363TJ02"";""2024JJ00"";""Amsterdam                               "";""Buurt   "";""BU0363TJ02"";""19.7"""
"192017;""20300"";""MBG0095"";""BU0363TJ03"";""2020JJ00"";""Amsterdam                               "";""Buurt   "";""BU0363TJ03"";""38.4"""
"192018;""20300"";""MBG0095"";""BU0363TJ03"";""2022JJ00"";""Amsterdam                               "";""Buurt   "";""BU0363TJ03"";""52.4"""
"192019;""20300"";""MBG0095"";""BU0363TJ03"";""2024JJ00"";""Amsterdam                               "";""Buurt   "";""BU0363TJ03"";""37.9"""
"192022;""20300"";""MBG0095"";""WK0363TK  "";""2020JJ00"";""Amsterdam                               "";""Wijk    "";""WK0363TK  "";""22"""
"192023;""20300"";""MBG0095"";""WK0363TK  "";""2022JJ00"";""Amsterdam                               "";""Wijk    "";""WK0363TK  "";""29.5"""
"192024;""20300"";""MBG0095"";""WK0363TK  "";""2024JJ00"";""Amsterdam                               "";""Wijk    "";""WK0363TK  "";""23.8"""
"192027;""20300"";""MBG0095"";""BU0363TK01"";""2020JJ00"";""Amsterdam                               "";""Buurt   "";""BU0363TK01"";""22"""
"192028;""20300"";""MBG0095"";""BU0363TK01"";""2022JJ00"";""Amsterdam                               "";""Buurt   "";""BU0363TK01"";""29.6"""
"192029;""20300"";""MBG0095"";""BU0363TK01"";""2024JJ00"";""Amsterdam                               "";""Buurt   "";""BU0363TK01"";""23.9"""
"192032;""20300"";""MBG0095"";""BU0363TK02"";""2020JJ00"";""Amsterdam                               "";""Buurt   "";""BU0363TK02"";"
"192033;""20300"";""MBG0095"";""BU0363TK02"";""2022JJ00"";""Amsterdam                               "";""Buurt   "";""BU0363TK02"";"
"192034;""20300"";""MBG0095"";""BU0363TK02"";""2024JJ00"";""Amsterdam                               "";""Buurt   "";""BU0363TK02"";"
"192037;""20300"";""MBG0095"";""BU0363TK03"";""2020JJ00"";""Amsterdam                               "";""Buurt   "";""BU0363TK03"";"
"192038;""20300"";""MBG0095"";""BU0363TK03"";""2022JJ00"";""Amsterdam                               "";""Buurt   "";""BU0363TK03"";"
"192039;""20300"";""MBG0095"";""BU0363TK03"";""2024JJ00"";""Amsterdam                               "";""Buurt   "";""BU0363TK03"";"
"192042;""20300"";""MBG0095"";""WK0363TL  "";""2020JJ00"";""Amsterdam                               "";""Wijk    "";""WK0363TL  "";""28.2"""
"192043;""20300"";""MBG0095"";""WK0363TL  "";""2022JJ00"";""Amsterdam                               "";""Wijk    "";""WK0363TL  "";""37.8"""
"192044;""20300"";""MBG0095"";""WK0363TL  "";""2024JJ00"";""Amsterdam                               "";""Wijk    "";""WK0363TL  "";""27.7"""
"192047;""20300"";""MBG0095"";""BU0363TL01"";""2020JJ00"";""Amsterdam                               "";""Buurt   "";""BU0363TL01"";""34"""
"192048;""20300"";""MBG0095"";""BU0363TL01"";""2022JJ00"";""Amsterdam                               "";""Buurt   "";""BU0363TL01"";""42.8"""
"192049;""20300"";""MBG0095"";""BU0363TL01"";""2024JJ00"";""Amsterdam                               "";""Buurt   "";""BU0363TL01"";""32.7"""
"192052;""20300"";""MBG0095"";""BU0363TL02"";""2020JJ00"";""Amsterdam                               "";""Buurt   "";""BU0363TL02"";""32.3"""
"192053;""20300"";""MBG0095"";""BU0363TL02"";""2022JJ00"";""Amsterdam                               "";""Buurt   "";""BU0363TL02"";""41"""
"192054;""20300"";""MBG0095"";""BU0363TL02"";""2024JJ00"";""Amsterdam                               "";""Buurt   "";""BU0363TL02"";""30.1"""
"192057;""20300"";""MBG0095"";""BU0363TL03"";""2020JJ00"";""Amsterdam                               "";""Buurt   "";""BU0363TL03"";""28.8"""
"192058;""20300"";""MBG0095"";""BU0363TL03"";""2022JJ00"";""Amsterdam                               "";""Buurt   "";""BU0363TL03"";""40.7"""
"192059;""20300"";""MBG0095"";""BU0363TL03"";""2024JJ00"";""Amsterdam                               "";""Buurt   "";""BU0363TL03"";""29.1"""
"192062;""20300"";""MBG0095"";""BU0363TL04"";""2020JJ00"";""Amsterdam                               "";""Buurt   "";""BU0363TL04"";""23.6"""
"192063;""20300"";""MBG0095"";""BU0363TL04"";""2022JJ00"";""Amsterdam                               "";""Buurt   "";""BU0363TL04"";""32.7"""
"192064;""20300"";""MBG0095"";""BU0363TL04"";""2024JJ00"";""Amsterdam                               "";""Buurt   "";""BU0363TL04"";""23.9"""
"192067;""20300"";""MBG0095"";""WK0363TM  "";""2020JJ00"";""Amsterdam                               "";""Wijk    "";""WK0363TM  "";""25.8"""
"192068;""20300"";""MBG0095"";""WK0363TM  "";""2022JJ00"";""Amsterdam                               "";""Wijk    "";""WK0363TM  "";""34.8"""
"192069;""20300"";""MBG0095"";""WK0363TM  "";""2024JJ00"";""Amsterdam                               "";""Wijk    "";""WK0363TM  "";""25.9"""
"192072;""20300"";""MBG0095"";""BU0363TM01"";""2020JJ00"";""Amsterdam                               "";""Buurt   "";""BU0363TM01"";""34.6"""
"192073;""20300"";""MBG0095"";""BU0363TM01"";""2022JJ00"";""Amsterdam                               "";""Buurt   "";""BU0363TM01"";""48.3"""
"192074;""20300"";""MBG0095"";""BU0363TM01"";""2024JJ00"";""Amsterdam                               "";""Buurt   "";""BU0363TM01"";""35.8"""
"192077;""20300"";""MBG0095"";""BU0363TM02"";""2020JJ00"";""Amsterdam                               "";""Buurt   "";""BU0363TM02"";""38.1"""
"192078;""20300"";""MBG0095"";""BU0363TM02"";""2022JJ00"";""Amsterdam                               "";""Buurt   "";""BU0363TM02"";""50.4"""
"192079;""20300"";""MBG0095"";""BU0363TM02"";""2024JJ00"";""Amsterdam                               "";""Buurt   "";""BU0363TM02"";""36"""
"192082;""20300"";""MBG0095"";""BU0363TM03"";""2020JJ00"";""Amsterdam                               "";""Buurt   "";""BU0363TM03"";""13.3"""
"192083;""20300"";""MBG0095"";""BU0363TM03"";""2022JJ00"";""Amsterdam                               "";""Buurt   "";""BU0363TM03"";""17.9"""
"192084;""20300"";""MBG0095"";""BU0363TM03"";""2024JJ00"";""Amsterdam                               "";""Buurt   "";""BU0363TM03"";""13.3"""
"192087;""20300"";""MBG0095"";""BU0363TM04"";""2020JJ00"";""Amsterdam                               "";""Buurt   "";""BU0363TM04"";""27.9"""
"192088;""20300"";""MBG0095"";""BU0363TM04"";""2022JJ00"";""Amsterdam                               "";""Buurt   "";""BU0363TM04"";""36.5"""
"192089;""20300"";""MBG0095"";""BU0363TM04"";""2024JJ00"";""Amsterdam                               "";""Buurt   "";""BU0363TM04"";""26.2"""
